smi,True,Pred
['COC1=C(C=C(C=C1)C1=CC(=O)C2=C(O1)C=C(O)C=C2O)C1=C2OC(=CC(=O)C2=C(O)C=C1O)C1=CC=C(O)C=C1'],0.23577000200748444,0.22901380062103271
['CC(C)C1=C2C(N(C(=O)C2=NN1CC1=NN=NN1)C1=C(F)C(Cl)=CC=C1)C1=CC=C(Cl)C=C1'],0.2976120114326477,0.29816734790802
['OC1=CC=C(C=C1)C1=COC2=CC(O)=CC(O)=C2C1=O'],0.2542549967765808,0.2464616298675537
['FC1=CC=C2C(=O)C=C(OC2=C1)C(=O)NC1CCN(CC2=CC=C(OCCCN3CCOCC3)C(F)=C2)CC1'],0.23406000435352325,0.23654139041900635
['C[N+](CCN)(CCN)CCC[C@H](N)C(=O)N[C@H](CC1=CC=C(OC(F)(F)F)C=C1)C(=O)NC1=CC=C2N=CC=CC2=C1'],0.25335100293159485,0.2596435546875
['C[C@H]1CN2C(=S)NC3=CC(Cl)=CC(CN1CC=C(C)C)=C23'],0.254518985748291,0.25092604756355286
['COC1=CC=CC=C1[S@](=O)C1=C(C#N)C(N)=CC=C1'],0.2609809935092926,0.24929188191890717
['FC(F)(F)[C@]1(OC(=O)NC2=CC=C(Cl)C=C12)C#CC1CC1'],0.29017698764801025,0.2888215482234955
['CCCCCC=C1CCCC1=O'],0.29424700140953064,0.35774001479148865
['NCCN(CCN)C(=O)C[C@H](N)C(=O)N[C@@H]([C@H](O)C1=CC=C(C=C1)C(F)(F)F)C(=O)NC1=CC=C(OCC(F)F)C(F)=C1'],0.26161500811576843,0.2657676339149475
['COC1=CC=C2NC(=O)NC(C#CC3CC3)(C2=C1)C(F)(F)F'],0.2795979976654053,0.28160351514816284
['ClC1=CC=C2NC(=O)N(CC3CCCCC3)C2=C1'],0.28779101371765137,0.29339906573295593
['CC(C)C[C@H](NC(=O)[C@@H](NC(=O)[C@H](C)NC(=O)[C@H](CO)NC(C)=O)C(C)C)C(=O)N[C@@H](CC1=CNC=N1)C=O'],0.31856998801231384,0.31773650646209717
['NC1=NC(NC2CCCC2)=C2N=CN(\\C=C3\\CC3(CO)CO)C2=N1'],0.28717300295829773,0.282553106546402
['CC(C)C1=C(C)N(C)\\C(S1)=N\\S(=O)(=O)C1=C(C=CC(F)=C1)C#N'],0.2505910098552704,0.24440480768680573
['O=C1NC2=C(C=CC=C2)C=C1NCC1=CC2=C(C=CC=C2)C=C1'],0.23959200084209442,0.23746801912784576
['OC(=O)C1=C(C2=C(C=C(F)C3=C2OC=C3)N1CC1=C(F)C=C2NC=CC(=O)C2=C1)C1=CC=CNC1=O'],0.23546600341796875,0.23937910795211792
['CCC(C)SC1=NC(CC2=C(Cl)C=CC=C2)=CC(=O)N1'],0.28498899936676025,0.28194987773895264
['CC1=CC=C(C=C1)C1=CSC(=N1)N(CC1CCNCC1)C(=O)C1=CC=CO1'],0.2196740061044693,0.2262217253446579
['CN(C)CCCN1C=C(C2=C1C=CC=C2)C1=C(C(=O)NC1=O)C1=CNC2=C1C=CC=C2'],0.19892999529838562,0.20128770172595978
['OCCOCC1=CC2=CC(CN3CCOCC3)=CC3=C2N1C=C(C(=O)NCC1=CC=C(Cl)C=C1)C3=O'],0.29387301206588745,0.29844343662261963
['CC1=C(CC2=CC=CC=C2)N=C(NC1=O)SC1CCCCC1'],0.28176000714302063,0.28072404861450195
['NCC(O)(CN)CNC(=O)CC[C@H](N)C(=O)N[C@H](CCC1=CC=C(C=C1)C(F)(F)F)C(=O)NC1=CC=C2N=CC=CC2=C1'],0.28041601181030273,0.2899400591850281
['[O-][N+](=O)C1=CC=CC(=C1)C12SCCN1C(=O)C1=CC=CC=C21'],0.25118300318717957,0.25436437129974365
['CC1=CC(=CC=C1)S(=O)(=O)C1=C(C#N)C(N)=CC=C1'],0.25989800691604614,0.25870877504348755
['C[C@@H](CC(=O)NC1=CC=C(C=C1)C1=CC=CC=C1)C1=CC=C(C=C1)N1C=CN=C1'],0.24111799895763397,0.2449263036251068
['[Cl-].CN(C)C1=CC=C(C=C1)C(C1=CC=C(C=C1)N(C)C)=C1C=CC(C=C1)=[N+](C)C'],0.29909399151802063,0.2955474555492401
['O=C1NC(SC2CCCCC2)=NC(CC2=CC3=C(C=CC=C3)C=C2)=C1'],0.26366499066352844,0.2715221643447876
['CCNC1=CC=C2N(C)C(=O)C3=C(N=CC=C3)N(CC)C2=N1'],0.24590399861335754,0.24667008221149445
['[O-][N+](=O)C1=CC=C([N+]([O-])=C1)S(=O)(=O)C1=CC=C(Cl)C=C1'],0.23410600423812866,0.22725793719291687
['CCN1N=NC(=N1)C1=CC=C(OCCC(C)CCN2CCN(C2=O)C2=CC=NC=C2)C=C1'],0.28493499755859375,0.2923022508621216
['CC1=CC(=NC(NC2CCCCC2)=N1)N1CCN(CC1)C(=O)NC1=CC2=C(OCCO2)C=C1'],0.2749040126800537,0.27806681394577026
['CCCCN(CCCC)CC(O)C1=CC(Cl)=CC2=C1C1=C(C=C(Cl)C=C1)\\C2=C\\C1=CC=C(Cl)C=C1'],0.2104569971561432,0.2262202948331833
['CCC1=CSC(NC(=S)NCCC2=CC=CC=C2)=N1'],0.28364598751068115,0.2769598364830017
['CC1=C(C=CC(F)=C1)S(=O)(=O)NC(=O)C1=C(C2=C(C=CC(Cl)=C2)N1CC1=CC(N)=NC=C1)C1=CC=CNC1=O'],0.23176799714565277,0.23294159770011902
['NC1=NC(O)=CC(OCCOCP(O)(O)=O)=N1'],0.29517799615859985,0.2989455759525299
['S=C1N2CCSC2(C2=CC=CC=C12)C1=CC=CC=C1'],0.24484999477863312,0.25600844621658325
['CCCC1=NC(=NO1)C1=CC=C(OCCC(C)CCN2CCN(C2=O)C2=CC=NC=C2)C=C1'],0.2835949957370758,0.28742390871047974
['CCN1C2=NC=C(CCC3=CC=C(NS(C)(=O)=O)C=C3)C=C2C(=O)N(C)C2=C1N=C(Cl)C=C2'],0.2622089982032776,0.2607267200946808
['O=C1N2CCS(=O)C2(C2=CC=CC=C12)C1=CC=CC=C1'],0.2829909920692444,0.28091979026794434
['FC(F)(C(=O)C1=CC=C(O1)C1=CC=C(Cl)C=C1)C1=CN=CC(Br)=C1'],0.23695500195026398,0.25944897532463074
['CC1CCC2=C(N3CCC(O)CC3)C(F)=CC3=C2N1C=C(C(O)=O)C3=O'],0.2871820032596588,0.2883184552192688
['CN1C(C)=C(S\\C1=N/S(=O)(=O)C1=CC=CC(O)=C1)C(C)(C)C'],0.2716050148010254,0.27016034722328186
['CC1=CC(Cl)=CC(=C1)S(=O)(=O)C1=C(C#N)C(N)=CC=C1'],0.2645390033721924,0.25909358263015747
['OC1=NC=NC2=NC(C3=CC=CC=C3)=C(N=C12)C1=CC=CC=C1'],0.24312999844551086,0.24437455832958221
['OC[C@@H](NC(=O)C(Cl)Cl)[C@H](O)C1=CC=C(C=C1)N(=O)=O'],0.2539590001106262,0.2560659646987915
['CC(C)C1=CC=C(CN2C=NC3=C(N=C(Cl)N=C23)N(C)C)C=C1'],0.283935010433197,0.2834416627883911
['C[C@@H](NC1=CC=C(C=C1)C1=CC=NN1C)C(=O)NC1=NC=C(C=C1)C1=CC=CC=C1'],0.2593050003051758,0.2576029896736145
['CCOC1=C(C=C(C=C1)C(C)C)S(=O)(=O)NC1=CC(=CC=C1)C(O)=O'],0.27314698696136475,0.2717167139053345
['CCOC1=CC=C(OCC)C(CCNC(=S)NC2=CC=C(Br)C=N2)=C1'],0.2564379870891571,0.2603975236415863
['CCC(C)SC1=NC(CC2=CC=CC=C2)=CC(=O)N1'],0.2850770056247711,0.2812618017196655
['OC(=O)C(=O)\\C=C(/O)C1=CC=CN1CC1=C(Cl)C=CC=C1'],0.2276500016450882,0.23042292892932892
['COC1=CC=C2C3=C(SCC2=C1)C(=NN3C1=CC=C(C=C1)S(N)(=O)=O)C(F)(F)F'],0.28190600872039795,0.2794966995716095
['S=C(NCCC1=CC=CC=C1)NC1=NN=CS1'],0.28214699029922485,0.28587543964385986
['CN(C1CCN(CC1)C(=O)C1=CC2=C(N1)C=CC(NS(C)(=O)=O)=C2)C1=C(NC(C)(C)C)C=CC(F)=N1'],0.2583029866218567,0.260021448135376
['O=S1(=O)N=C(OCC2=CC=CC=C2)C2=CC=CC=C2N1CC1=CC=CC=C1'],0.30429500341415405,0.30283328890800476
['OC(=O)C1=CSC(NC(=S)NCCC2=CC=CC=C2)=N1'],0.279682993888855,0.28000545501708984
['CN(C)CC1=CC=C(C=C1)C(=O)NC1=CC=CC(=C1)C1=NC2=CC=C(OCCCN3CCCC3)C=C2O1'],0.24164800345897675,0.24888017773628235
['CCN1C2=C(C=CC(=N2)C2=CNC3=C2C=NC=C3)N(C)C(=O)C2=C1N=CC=C2'],0.2500709891319275,0.2456199824810028
['FC1=CC=C2NC(=O)N[C@](C#CC3CC3)(C2=C1Cl)C(F)(F)F'],0.2838430106639862,0.2899003028869629
['ClC1=C(CCNC(=S)NC2=NC=CS2)C=CC=C1'],0.2674520015716553,0.26869484782218933
['CS(=O)(=O)NC1=CC=NC=C1NC1=CC=C(Br)C=C1'],0.239873006939888,0.22759798169136047
['COC1=CC=CC=C1C1=C2C=CC(=CC2=CC=C1)C(=O)NC1=CC=C(C=C1)C1=NCCN1'],0.24468299746513367,0.23832522332668304
['CN1C(C)=C(S\\C1=N/S(=O)(=O)C1=CC=CC(=C1)[N+]([O-])=O)C(C)(C)C'],0.2251099944114685,0.22372405230998993
['[O-][N+](=O)C1=CC=NC(=C1)C#CC1(NC(=O)NC2=CC=C(Cl)C=C12)C1CC1'],0.21355900168418884,0.23703476786613464
['CCN1C=C(C(O)=O)C(=O)C2=CC(F)=C(N3CCNC(C)C3)C(F)=C12'],0.26390600204467773,0.2612428367137909
['CCN1C2=NC=C(CCC3=CC=C(C)C=C3)C=C2C(=O)N(C)C2=C1N=C(Cl)C=C2'],0.26361599564552307,0.265082985162735
['CC(C)N1C2=C(C=CC=C2)S(=O)(=O)N2C=CC=C2C1=O'],0.2748410105705261,0.2735389471054077
['CC[C@H](C)SC1=NC(CC2=CC=CC=C2)=C(C)C(=O)N1'],0.28231000900268555,0.28441908955574036
['CC(=O)N1CSCC1C(=O)N\\C(=C/C1=CC=C(NC(=O)C2=C(Cl)C=CC=C2Cl)C=C1)C(O)=O'],0.24558000266551971,0.24747329950332642
['ClC1=CC2=C(NC(=O)NC2(C#CC2=CC=CO2)C2CC2)C=C1'],0.27769601345062256,0.2738097608089447
['OC(=O)C1=CN=C(S1)N(C1CCSCC1)C(=O)C1=CC=C(OC2=CC=CC=C2)C=C1'],0.26516398787498474,0.2683602571487427
['FC1=CC=C2C(=O)C=C(OC2=C1)C(=O)NC1CCN(CC2=CC=C3OC(=O)NC3=C2)CC1'],0.2127709984779358,0.2283630073070526
['CCOC(=O)C1=C(NC(=O)NS(=O)(=O)C2=C(C)C=CC=C2)SC2=C1CCCC2'],0.2640230059623718,0.26153841614723206
['CC1=CC(CNC(=O)[C@@H](NC(=O)[C@@H](N)CC(=O)N(CCN)CCN)[C@H](O)C2=CC=C(C=C2)C(F)(F)F)=C(O1)C(F)(F)F'],0.2568559944629669,0.26480433344841003
['OC1=C(C2=NS(=O)(=O)C3=C(N2)C=CC=C3)C(=O)N(C2CCCCC2)C2=NC=CC=C12'],0.22547200322151184,0.22783921658992767
['FC(F)(F)C1(C#CC2CC2)N(CC2=CC=CC=C2)C2=C(NC1=O)C=CC=C2'],0.28546300530433655,0.2843001186847687
['CC(C)C1=CC=C(NC(=O)[C@H](CCC2=CC=CC=C2)NC(=O)[C@@H](N)CC(=O)N(CCN)CCN)C=C1C'],0.2809459865093231,0.2975848913192749
['CCN1C2=C(C=CC=N2)N(C(C)=O)C(=O)C2=C1N=CC=C2'],0.24956700205802917,0.2511301040649414
['COC1=CC(C)=CC=C1O'],0.22432099282741547,0.24068669974803925
['CC1=C2C=CC(=NN2C(CCCCCCC(=O)C2=CC=CC=C2)=N1)N1C=CC=C1'],0.2379949986934662,0.23908179998397827
['NC1=CC=CC(=C1C#N)S(=O)(=O)C1=CC=CC(=C1)C(F)(F)F'],0.25758999586105347,0.257177472114563
['CCN1C2=NC=C(CCC3=CC=C(N)C=C3)C=C2C(=O)N(C)C2=C1N=C(Cl)C=C2'],0.24615199863910675,0.25174397230148315
['CCC1=C(C)N=C(OC)C(=C1)C(O)CN1C(=O)C2=CC=CC=C2C1=O'],0.24114400148391724,0.2326948642730713
['COC1=CC2=C(N=C1)C(NCC1=NN=C3C=CC(=NN13)C1=CC(F)=C(F)C(F)=C1)=CC=N2'],0.2486339956521988,0.23959317803382874
['ClC1=C(Cl)C=C(\\C=C2/SC(=S)N(NS(=O)(=O)C3=CC=CS3)C2=O)C=C1'],0.22019100189208984,0.21923109889030457
['CC1=CC=C(CN(CCOC2=CC=C(C=C2)C2=CC=C(Cl)C=C2)CCN2CCN(C2=O)C2=CC=NC=C2)C=C1'],0.27365800738334656,0.2736215889453888
['CCOC(=O)CCCC=C(C1=CC(C(=O)OC)=C(OC)C(C)=C1)C1=CC(C)=C(OC)C(=C1)C(=O)OC'],0.26253199577331543,0.2679685950279236
['CN(C)C1=CC=C(C=C1)C(=O)N[C@@H](CC1=CC=CC=C1)C(=O)NC1=CC=C(C=C1Cl)[N+]([O-])=O'],0.20457999408245087,0.21398915350437164
['NC1=NC(N)=C2N=CNC2=N1'],0.27098900079727173,0.275209903717041
['CC1=C(COC2=C(Cl)C=C(C=O)C(O)=C2)C=CC=C1C1=CC=CC=C1'],0.24326199293136597,0.265647292137146
['CCS(=O)(=O)NC(=O)C1=C(C2=C(C=CC(Cl)=C2)N1CC1=CC(N)=NC=C1)C1=CC=CNC1=O'],0.2382500022649765,0.2366332709789276
['COC(=O)CCCCCC1=CC(C)=C(OC)C(=C1)C(=O)OC'],0.2899090051651001,0.27992236614227295
['NC1=CC=CC(=C1C#N)S(=O)(=O)C1=CC=CC=C1C#N'],0.2523399889469147,0.2503509521484375
['CN(C)C1=C2N=CN(CC3=CC=C(C)C=C3)C2=NC(Cl)=N1'],0.2840929925441742,0.2839043438434601
['COC1=CC=C(NC2=CN=CC=C2NS(C)(=O)=O)C=C1'],0.2485249936580658,0.24780908226966858
['CCC1=NC(=NO1)C1=CC=C(OCCC(C)CCN2CCN(C2=O)C2=CC=NC=C2)C=C1'],0.2822650074958801,0.28756222128868103
['CCCC1=C(C)NC(=O)C(NCN2C(=O)C3=CC=CC=C3C2=O)=C1'],0.1873590052127838,0.191665917634964
['CN1CCN(CC1)C1=CC=CC=C1C1=NC=C2CCN(CCCN3CCOCC3)C2=N1'],0.25003498792648315,0.24800261855125427
['BrC1=CC=C(OCCCCCCN2CCN(C2=O)C2=CC=NC=C2)C=C1'],0.30294498801231384,0.300400972366333
['CN(C)C1=C(C#N)C(F)=C(CCNC(=S)NC2=CC=C(Br)C=N2)C=C1'],0.2559959888458252,0.25684309005737305
['CC(C)SC1=NC(CC2=C(F)C=CC=C2F)=CC(=O)N1'],0.28717100620269775,0.28381410241127014
['CCN1C2=NC=CC=C2N(C)C(=O)C2=C1N=CC(CCC1=CC=C(C)C=C1)=C2'],0.2639490067958832,0.2685469388961792
['CC(C)=CCC\\C(C)=C\\CO'],0.3433609902858734,0.3436453342437744
['CO[C@]1(NC(=O)CSCC#N)C2SCC(CSC3=NN=NN3C)=C(N2C1=O)C(O)=O'],0.26131701469421387,0.25808024406433105
['COC1=C(F)C=C(NC(=O)[C@@H](NC(=O)[C@@H](N)CC(=O)N(CCN)CCN)[C@H](O)C2=CC=C(C=C2)C(F)(F)F)C=C1F'],0.29166901111602783,0.2940930724143982
['CC(CCCCOC1=CC=C(C=C1)C1=CC=C(Cl)C=C1)N1CCN(C1=O)C1=CC=NC=C1'],0.274852991104126,0.2704436779022217
['C1CN(CCN1C(C1=CC=CC=C1)C1=CC=CN=C1)C1=C2C=NN(C2=NC=N1)C1=CC=CC=C1'],0.27066200971603394,0.26908138394355774
['CNC1=NC(NCC2=CC=CC=C2)=NC2=CC=CC=C12'],0.24526500701904297,0.2447919249534607
['ClC1=CC(OC(=O)C2=CSC=N2)=CN=C1'],0.2828829884529114,0.28996410965919495
['OC(=O)C(=O)\\C=C(/O)C1=C(OCCCC#N)C=CC=C1'],0.25292301177978516,0.2484751045703888
['COC(=O)CN(C)[C@H]1CC[C@H](CN(C)C2=CC=C(C=C2)N2[C@@H](C3=CC=C(Cl)C=C3)C3=C(CC2=O)C=C(OC)C(OC(C)C)=C3)CC1'],0.26558300852775574,0.2730669379234314
['CC1=CC(C)=C(NCC2=NC3=C(O2)C(Cl)=CC=C3Cl)C(=O)N1'],0.24471600353717804,0.2459460347890854
['OC1=CC=C(C=C1)C(=O)\\C=C\\C1=C(F)C=CC=C1Cl'],0.25514599680900574,0.24913936853408813
['CC1=CC(N)=C2C=C(NC(=O)C3=CC4=CC=CC(Cl)=C4N3)C=CC2=N1'],0.2190759927034378,0.23140834271907806
['CN1C=CC2=C(CC3=NN=C4C=CC(=NN34)C3=CC=CC(F)=C3)C=CC=C2C1=O'],0.20702800154685974,0.22616301476955414
['NCCN(CCN)C(=O)CC[C@H](N)C(=O)N[C@@H]([C@H](O)C1=CC=C(C=C1)C(F)(F)F)C(=O)NC1=CC=C(OCC(F)(F)F)C=C1'],0.2627359926700592,0.2922365963459015
['COC1=CC=C(F)C(CCNC(=S)NC2=CC=C(C=N2)C#N)=C1C#N'],0.24265800416469574,0.23680642247200012
['CN(CCOC1=CC=C(C=C1)C1=CC=C(Cl)C=C1)CCN1CCN(C1=O)C1=CC=NC=C1'],0.2742390036582947,0.27838701009750366
['COC(=O)CC1=CC=C(C=C1)N1C=C(C2CCN(CCN3CCNC3=O)CC2)C2=C1C=CC(Cl)=C2'],0.23814299702644348,0.24314428865909576
['FC(C(=O)C1=CC=C(O1)C1=CC=C(Cl)C=C1)C1=CN=CC(Br)=C1'],0.2396479994058609,0.24356652796268463
['CC1=CC(Cl)=CC2=C1N=C(S2)N(CC1CCNCC1)C(=O)C1=CC=CO1'],0.23015399277210236,0.2380269467830658
['CCC1=NNC2=CC=CC(OC3=CC(=CC(=C3)C#N)C#N)=C12'],0.22980399429798126,0.2322583645582199
['C(COC1=CC=C2N=C(OC2=C1)C1=CC(=CC=C1)C1=CCNCC1)CN1CCCC1'],0.24745599925518036,0.24528130888938904
['O=C(NC1=CC=C(C=C1)C1=NC2=CC(=CC=C2N1)C(=O)NC1CCCCC1)C1CCCCC1'],0.2504259943962097,0.24989858269691467
['COC1=C(C=CC=C1)N1N=C2C(=O)N(C(C2=C1C(C)C)C1=CC=C(Cl)C=C1)C1=CN(C)C(=O)C(Cl)=C1'],0.2488349974155426,0.25626230239868164
['O=C(NC1=CC=C(C=C1)C1=NCCN1)NC1=CC=CC=C1NC(=O)NC1=CC=C(C=C1)C1=NCCN1'],0.2715429961681366,0.2715962827205658
['CN(C)C1=CC=CC2=C1N=C(N2CC1=C(F)C=CC=C1F)C1=C(F)C=CC=C1F'],0.2349420040845871,0.2317601591348648
['C(CN1C=CC(=N1)C1=CC2=C(C=NN2CC2=CC=C3N=CC=CC3=C2)C=C1)OC1CCCCO1'],0.24694399535655975,0.24646049737930298
['CC(C)OC1=CC(NC(=O)[C@@H](NC(=O)[C@@H](N)CC(=O)N(CCN)CCN)[C@H](O)C2=CC=C(C=C2)C(F)(F)F)=CC=C1F'],0.28141599893569946,0.283132940530777
['NCCN(CCN)C(=O)CC[C@H](NC(=O)[C@@H](N)[C@H](O)C1=CC=C(C=C1)C(F)(F)F)C(=O)NC1=CC2=C(C=C1)N=CC=C2'],0.24859699606895447,0.2548207640647888
['CCN1C2=NC=CC=C2N(C)C(=O)C2=C1N=CC(NC(N)=O)=C2'],0.252920001745224,0.25468432903289795
['CCOCN1C(=O)NC(=O)C(C(C)C)=C1CC1=CC=CC=C1'],0.29587700963020325,0.2988375723361969
['COC1=CC=C(F)C(F)=C1CCNC(=S)NC1=CC=C(Br)C=N1'],0.26209598779678345,0.26305630803108215
['CC(=C)[C@@H]1CC=C(C)C(=O)C1'],0.305961012840271,0.3029264807701111
['CN(C)CCCN(C)C1CCN(C1)C(=O)C1=C(C2=CC=C(Cl)C=C2N1)C1=C(CC2=CC=C(Cl)C=C2)N=CN1C1=CC=CC=C1'],0.2539510130882263,0.25246337056159973
['NC1=NC(N)=C2N=NN(C[C@H](O)CO)C2=N1'],0.26964300870895386,0.27120763063430786
['NC1=CC=CC(NC(=O)\\C=C\\C2=CC=CC=C2Cl)=C1'],0.23910599946975708,0.24104049801826477
['NC(=O)C1=C(SC2=CC=CC=C2)C2=CC(Cl)=CC=C2N1'],0.26355400681495667,0.2649477422237396
['CN1N=C(C2=CN=C(N)N=C12)C1=CC=C(OCC23CCC(N)(CC2)CC3)C(F)=C1'],0.2600859999656677,0.26100221276283264
['NCC1(O)CN[C@@H](C1)C(=O)N[C@H](CC1=CC=C(C=C1)C(F)(F)F)C(=O)NC1=CC=C2N=CC=CC2=C1'],0.2902050018310547,0.2964664399623871
['CC(=O)O[Hg]C1=CC=CC=C1'],0.29232698678970337,0.29057636857032776
['COC1=CC=C(F)C(CCNC(=S)NC2=CC=C(Br)C=N2)=C1OC'],0.2542479932308197,0.2590785026550293
['FC1=CC(F)=C(CN2C=NC(=O)C3=C2C=CC(OC2=C(N=CC=C2)C(F)(F)F)=C3)C=C1'],0.2614159882068634,0.2533802390098572
['CC1=C2C=CC(=NN2C(CCCCCCC(=O)C2=CC=CC=C2)=N1)N1C=CN=C1'],0.23716899752616882,0.23053769767284393
['ClC1=CC=C(\\C=C\\C(=O)NC2=CC=C(C=C2)C2=NCCN2)C=C1'],0.25682899355888367,0.2518068552017212
['CN1C2=CC(C)=C(C)C=C2OC2=NC=C(N)C=C2C1=O'],0.2632969915866852,0.2650534510612488
['NCCN(CCN)CC1=CC=C(C=C1B(O)O)C(=O)N[C@H](CC1=CC=C(C=C1)C(F)(F)F)C(=O)NC1=CC=C2N=CC=CC2=C1'],0.2686670124530792,0.274192750453949
['CCN1C2=NC=CC=C2N(C)C(=O)C2=C1N=CC(=C2)C1=CC(OC)=CC=C1'],0.25558599829673767,0.2546696364879608
['NC(CC1=CC(Cl)=C(O)C(Cl)=C1)C(O)=O'],0.3027310073375702,0.29683244228363037
['CN1N=C(N=C1SC1=NN=C(O1)C1=CC=CC=C1)[N+]([O-])=O'],0.27561500668525696,0.27124181389808655
['CCOC1=C(C=C(C=C1)C(C)C)S(=O)(=O)NC1=CC(=CC=C1)C(O)=O'],0.269335001707077,0.26772141456604004
['COC1=CC2=C(C=C1OC(C)C)C(N(C1CCC(CC1)C(O)C1CCOCC1)C(=O)C2)C1=CC=C(Cl)C=C1'],0.27362900972366333,0.27847352623939514
['CCN(CC)C1=CC=C2C(OC3=CC(=CC=C3C22N(CCNS(=O)(=O)C3=CC=C(C=C3)N3N=C(C=C3C3=CC=C(C)C=C3)C(F)(F)F)C(=O)C3=CC=CC=C23)N(CC)CC)=C1'],0.2634370028972626,0.26656216382980347
['ClC1=CC=C2NC(=O)N(CC3=CC4=C(C=CC=C4)C=C3)C2=C1'],0.26333001255989075,0.2645498812198639
['BrC1=CC=C(NC(=S)N[C@@H]2C[C@@H]2C2=CC=CC=C2)N=C1'],0.2523860037326813,0.2520178258419037
['[O-][N+](=O)C1=CC=C2NC(=O)OC(C#CC3CC3)(C2=C1)C(F)(F)F'],0.26601099967956543,0.2600266933441162
['C[C@@H]1O[C@@](C#CC2CC2)(C2=CC(Cl)=CC=C2NC1=O)C(F)(F)F'],0.29186001420021057,0.29738011956214905
['OC(=O)C1=CC2=C(C=C1)C(C1CCCCC1)=C(N2)C1=CC=CC=C1'],0.24783700704574585,0.25329428911209106
['NCCN(CCN)C(=O)C[C@H](N)C(=O)N[C@H](CC1=CC=C(C=C1)C(F)(F)F)C(=O)NC1=CC(=CC(=C1)B(O)O)C(F)(F)F'],0.2901090085506439,0.28769969940185547
['COC1=CC2=C(N=C(N=C2C=C1O)N(C)C)N1CCN(CC1)C(=O)OC(C)(C)C'],0.24927300214767456,0.2524799108505249
['CCC(=O)C1=CC=C(F)C([C@@H]2C[C@@H]2NC(=O)NC2=NC=C(Cl)C=C2)=C1O'],0.2500469982624054,0.25601568818092346
['CCCCCCNC(=O)\\C=C\\C1=C(OC)C=C(OC)C=C1\\C=C\\C1=CC=C(OC)C=C1'],0.24017800390720367,0.24850903451442719
['CC1=CC=C(SC2=C(C#N)C(N)=CC=C2)C=C1'],0.26587799191474915,0.2746615707874298
['CC1=CC=C2NC(=O)O[C@](C#CC3CC3)(C2=C1)C(F)(F)F'],0.29545798897743225,0.29193568229675293
['NC(=O)C1=C(N=CN1)C1=CC(=CC=C1)C1=CC=CC=C1'],0.2638559937477112,0.2587670683860779
['FC(F)(F)[C@@]1(C#CC2CC2)[C@@H](OCC2CC2)C(=O)NC2=C1C=C(Cl)C=C2'],0.2895359992980957,0.2939775288105011
['CCNC(=O)OCCCCC=C(C1=CC(Cl)=C(OC)C(=C1)C(=O)OC)C1=CC(Cl)=C(OC)C(=C1)C(=O)OC'],0.262921005487442,0.26295146346092224
['CC(C)C1=C2C(N(C(=O)C2=NN1CCN1CCN(C)CC1)C1=C(C)C=CC(Cl)=C1)C1=C(C)C=C(Cl)C=C1'],0.286886990070343,0.2863077223300934
['CCN1C2=C(C=CC(=C2)N=[N+]=[N-])N(C)C(=O)C2=C1N=CC=C2'],0.26118001341819763,0.26042306423187256
['CC1=CC(Cl)=C(C=C1)C1=C(SCC(=O)NC2=CC=C(C=C2Cl)C2=CC=C(CC(O)=O)C=C2)SC=N1'],0.26596999168395996,0.2715545892715454
['CC1=CC(Cl)=C(C=C1)N1N=NN=C1SCC(=O)NC1=CC=CC=C1Cl'],0.2819480001926422,0.27681559324264526
['ClC1=CC2=C(NC(=O)C3=CC=CN3S2(=O)=O)C=C1'],0.2794930040836334,0.27520668506622314
['CCC(C)SC1=NC(CC2=CC=CC=C2)=CC(=O)N1'],0.2884339988231659,0.2862268090248108
['FC(F)(F)C1=CC=C(OCCCCCCN2CCN(C2=O)C2=CC=NC=C2)C=C1'],0.30686700344085693,0.29008758068084717
['COC(=O)CCCC=C(C1=CC(C(=O)OC)=C(OC)C(C)=C1)C1=CC(C)=C(OC)C(=C1)C(=O)OC'],0.26190000772476196,0.2623845934867859
['CCN1C2=NC(=CC=C2N(C)C(=O)C2=C1N=CC=C2)C1=CC=CS1'],0.2457820028066635,0.25477248430252075
['COC1=CC=C(Br)C=C1CCNC(=S)NC1=NC=CS1'],0.2665739953517914,0.2678629755973816
['CC(C)NC1=CC=CN=C1N1CCN(CC1)C(=O)C1=CC2=C(N1)C=CC(NC(C)=O)=C2'],0.2625240087509155,0.2603481411933899
['CC1=C2C=CC(Cl)=NN2C(CCCCCCCC2=CC=CC=C2)=N1'],0.24089199304580688,0.3006570041179657
['COC1=CC=C(CCCC2=CC=C(O)C=C2O)C(OC)=C1C'],0.30254998803138733,0.29374560713768005
['CN(C1CCN(CC1)C(=O)C1=CC2=C(N1)C=CC(NS(C)(=O)=O)=C2)C1=C(NC2CC2)C=CC=N1'],0.25067299604415894,0.2561953067779541
['CN1C(C)=C(S\\C1=N/S(=O)(=O)C1=CC=CC(=C1)[N+]([O-])=O)C(C)(C)C'],0.22547399997711182,0.22544196248054504
['OCC1S[C@H](CC1O)N1C=C(C#C)C(=O)NC1=O'],0.28247499465942383,0.2843876779079437
['NCCN(CCN)C(=O)C[C@H](N)C(=O)N[C@@H]([C@H](O)C1=CC=C(C=C1)C(F)(F)F)C(=O)NCC1=CC=C(OC(F)(F)F)C=C1'],0.28850099444389343,0.28369152545928955
['CC(C)CCN1N2C=C(F)C=C2C(O)=C(C1=O)C1=NS(=O)(=O)C2=C(N1)C=CC(NS(C)(=O)=O)=C2'],0.24384799599647522,0.24219363927841187
['CC1=C2NC(=O)C3=C(N=CC=C3)N(C3CC3)C2=NC=C1'],0.2641269862651825,0.264535129070282
['FC1=CC(F)=C(CN2C=NC(=O)C3=C2C=CC(OC2=C(N=CC=C2)C(F)(F)F)=C3)C(F)=C1'],0.27181199193000793,0.2656576931476593
['O=C(NC1=CC=C(C=C1)C1=NCCN1)C12CC3CC(CC(C3)C1)C2'],0.2443850040435791,0.23647275567054749
['NC(=O)C1=C(N=CS1)C1=CC(=CC=C1)C1=CC=CC=C1'],0.26586100459098816,0.26335009932518005
['CC1=C(CCNC(=S)NC2=NC=CS2)C=CC=C1'],0.2868509888648987,0.29443445801734924
['CC(C)C1=C(C)N(C)\\C(S1)=N\\S(=O)(=O)C1=C(C=CC(Cl)=C1)C#N'],0.24279899895191193,0.2403711974620819
['CCC1=C(C)NC(=O)C(NCC2=C(C=CC=C2)C(F)(F)F)=C1'],0.2455649971961975,0.2464541494846344
['CCC1=CC=C(CN2C=NC3=C(N=C(Cl)N=C23)N(C)C)C=C1'],0.2841489911079407,0.2846132516860962
['CN1C2=C(C=CC(=C2)C(=O)NC(C)(C)C(=O)NC2=CC=C(NC(=O)C(O)=O)C=C2)C(C2CCCCC2)=C1C1=NC=CC=C1'],0.2332489937543869,0.23711687326431274
['ClC1=CC=C2NC(=O)NC(C#CC3=CC=CC=C3C#N)(C3CC3)C2=C1'],0.2465289980173111,0.2491445243358612
['NCCN(C1CCNCC1)C(=O)C[C@H](N)C(=O)N[C@@H]([C@H](O)C1=CC=C(C=C1)C(F)(F)F)C(=O)NCC1=CC=C(OC(F)(F)F)C=C1'],0.26316699385643005,0.27039289474487305
['O=C(CSC1=NC2=C(SCC2)C(=O)N1C1=CC=CC=C1)NC1=NC=C(C=C1)C1=CC=CC=C1'],0.27854999899864197,0.2817106544971466
['ClC1=C2C(=CC=C1)C(=O)N1CCS[C@@]21C1=CC=CC=C1'],0.27887898683547974,0.2786281108856201
['CCC1=C(C)NC(=O)C(NCC2=C(N)C=CC=C2)=C1'],0.2602570056915283,0.2467593401670456
['COC1=CC=C(C=C1)C1=NN2C(COC3=C4C=CC=CC4=NC=C3)=NN=C2N=C1'],0.24133600294589996,0.24297727644443512
['CN1N=CC=C1C1=CC=C2N[C@@H](CCC2=C1)C(=O)NC1=NC=C(C=C1)C1=CC=CC=C1'],0.2526180148124695,0.2655235528945923
['CN(C1CCN(CC1)C1=NC2=C(C=CC=C2)N1CC1=CC=C(F)C=C1)C1=NC=CC(=O)N1'],0.26415500044822693,0.2565707564353943
['CC(CC1=CNC2=CC=CC=C12)NS(=O)(=O)C1=C(N)C=C(Cl)C=C1Cl'],0.2435780018568039,0.2481578290462494
['COC1=C(C=CC=C1)N1N=C2C(=O)N(C(C2=C1C(C)C)C1=C(C)C=C(Cl)C=C1)C1=CC(Cl)=CC(=C1)C(N)=O'],0.27956101298332214,0.27919915318489075
['COC(=O)CC=C(C1=CC(Cl)=C(OC)C(=C1)C(=O)OC)C1=CC(Cl)=C(OC)C(=C1)C(=O)OC'],0.2688809931278229,0.26840776205062866
['FC1=CC=CC(NC2=CN=CC=C2NS(=O)(=O)C(F)(F)F)=C1'],0.2709439992904663,0.2705182731151581
['CN(C(=O)COC1=CC=C(C=C1)N1C=CN=C1)C1=CC=C(C=C1)C1=CC=CC=C1'],0.2703540027141571,0.2610524892807007
['CC(C)(C)NC(=O)[C@H](N(C(=O)C1=CC=CO1)C1=CC=C(C=C1)C(C)(C)C)C1=CC=CN=C1'],0.30332401394844055,0.3022336959838867
['OC1=CC=C(Cl)C=C1CC1=CC(Cl)=CC=C1O'],0.3047260046005249,0.3036470413208008
['NCCN(CCN)C(=O)C[C@H](N)C(=O)N[C@@H](CCC1=CC=CC=C1)C(=O)NC1=CC=C(OC(F)F)C=C1'],0.2570610046386719,0.2530483901500702
['CN(C)C1=CC=C(NC(=O)C2=CC=C(NC3=CC=NC4=CC=C(N)C=C34)C=C2)C=C1'],0.21487699449062347,0.21627071499824524
['CC(C)=CCCC(C)(O)C=C'],0.346017986536026,0.3472876250743866
['CCCCCCCCOC1=C2N=CN(\\C=C3\\CC3(CO)CO)C2=NC(N)=N1'],0.2809630036354065,0.2689725458621979
['COC1=C(C=CC=C1)N1N=C2C(=O)N(C3=CC=C(F)C(Cl)=C3)C(C)(C2=C1C(C)C)C1=CC=C(Cl)C=C1'],0.2919889986515045,0.2988246977329254
['COC1=CC2=C(N=C(N=C2C=C1OC1CCCC1)N(C)C)N1CCN(CC1)C(=O)C(C)C'],0.24139299988746643,0.24286924302577972
['FC1=C(CCNC(=S)NC2=NC=CS2)C=CC=C1'],0.2652150094509125,0.2593444883823395
['CC1=CC=C(C=C1)S(=O)(=O)C1=C(NC2=CC=C(Cl)C=C12)C(N)=O'],0.27456098794937134,0.2727853059768677
['CCN1C=C(C(O)=O)C(=O)C2=CC3=C(OCO3)C=C12'],0.32020899653434753,0.3253704607486725
['CCC(C)C1=C(NC2=CC=C(C=C12)C1CCN(CCNC)CC1)C1=CC=C(OC)C(OC)=C1'],0.2584500014781952,0.2640683948993683
['CC(C)C1=CC=C(CN2C=NC3=C(N=C(Cl)N=C23)N(C)C)C=C1'],0.28424501419067383,0.2837778329849243
['C\\C(\\C=C\\C1=C(C)CCCC1(C)C)=C/C=C/C(/C)=C/C(=O)NC1=CC=C(O)C=C1'],0.29552799463272095,0.29256850481033325
['CCCN(C1CCC(CC1)N1C(C2=CC=C(Cl)C=C2)C2=C(CC1=O)C=C(OC)C(OC(C)C)=C2)C(C)=O'],0.28690800070762634,0.28009915351867676
['COC1=CC2=C(N=C(NCCCN3CCN(C)CC3)N=C2C=C1OCCCN1CCCC1)N1CCN(CC1)C1CCCC1'],0.24555499851703644,0.24783819913864136
['FC(F)(F)S(=O)(=O)NC1=CC=NC=C1NC1=CC=CC(=C1)C#N'],0.23761799931526184,0.23306453227996826
['BrC1=CC=C(OCCCCCCN2CCN(C2=O)C2=CC=NC=C2)C=C1'],0.3009530007839203,0.2992110848426819
['COC(=O)C1=CC(=CC(Cl)=C1OC)C(=CCCCCO)C1=CC(Cl)=C(OC)C(=C1)C(=O)OC'],0.2651680111885071,0.2655563950538635
['NCCN(CCN)C(=O)C[C@H](N)C(=O)N[C@@H](CCC1=CC=CC=C1)C(=O)NCC1=CC=C(OC(F)F)C=C1'],0.2665509879589081,0.2722291946411133
['BrC1=CC=C(C=C1)C(N1CCN(CC1)C1=C2C=NN(C2=NC=N1)C1=CC=CC=C1)C1=CC=CC=C1'],0.27217501401901245,0.27135419845581055
['CCN1C2=NC(C)=CC=C2N(C)C(=O)C2=C1N=CC=C2'],0.26557600498199463,0.2642720937728882
['CC(C)OC1=CC=CC(CCNC(=S)NC2=NC=CS2)=C1'],0.28279098868370056,0.2820945084095001
['CCN1C2=NC=CC=C2N(C)C(=O)C2=C1N=CC(CCC1=CC=CC=N1)=C2'],0.26449400186538696,0.26111066341400146
['CNC1=NC(=NC2=CC=CC=C12)N1CCN(C\\C=C\\C2=CC=CC=C2)CC1'],0.24810199439525604,0.2531479597091675
['[H]N1C(=O)N(C2=C([H])C([H])=C([H])C([H])=C12)C1([H])C([H])([H])C([H])([H])N(C([H])([H])C([H])([H])C([H])([H])C([H])(C2=C([H])C([H])=C(F)C([H])=C2[H])C2=C([H])C([H])=C(F)C([H])=C2[H])C([H])([H])C1([H])[H]'],0.28302499651908875,0.28520143032073975
['O=C1N2CCS(=O)(=O)[C@]2(C2=CC=CC=C12)C1=CC=CC=C1'],0.29857999086380005,0.297305166721344
['C1CN(CCN1C(C1=CC=CC=C1)C1=CC=CC=C1)C1=C2C=NN(C2=NC=N1)C1=CC=CC=C1'],0.27135199308395386,0.26657336950302124
['CC[C@H](C)SC1=NC(CC2=C(Cl)C=CC=C2)=C(C)C(=O)N1'],0.2835330069065094,0.28043511509895325
['COC(=O)C1=CC(=CC(Cl)=C1OC)C(=CCCNC(=O)OCC(C)C)C1=CC(C(=O)OC)=C(OC)C(Cl)=C1'],0.26456698775291443,0.2670329809188843
['CC(C)NC1=C(N=CC=C1)N1CCN(CC1)C(=O)C1=CC2=CC=C(C=C2N1)C#N'],0.235152006149292,0.24206048250198364
['COC1=CC2=C(C=C1OC(C)C)[C@@H](N(C(=O)C2)C1=CC=C(CN2C=CN=C2)C=C1)C1=CC=C(Cl)C=C1'],0.2841770052909851,0.2869666814804077
['COC1=CC=C(F)C=C1C(C)(C)C[C@@](O)(CC1=CC2=CC=CC=C2N1)C(F)(F)F'],0.2847830057144165,0.2912209630012512
['CN1C2=CC(C)=C(C)C=C2OC2=NC=C(N)C=C2C1=O'],0.2632800042629242,0.2646854817867279
['ClC12C(=O)C3(Cl)C4(Cl)C1(Cl)C1(Cl)C2(Cl)C3(Cl)C4(Cl)C1(Cl)Cl'],0.3093009889125824,0.3200650215148926
['CCN1C(C)=C(S\\C1=N/S(=O)(=O)C1=CC(=CC=C1)[N+]([O-])=O)C(C)(C)C'],0.2248619943857193,0.22518880665302277
['CCN(C1CCN(CC1)C(=O)C1=CC2=C(N1)C=CC(NS(=O)(=O)N1CCN(C)CC1)=C2)C1=C(NC(C)C)C=CC=N1'],0.2488269954919815,0.25201329588890076
['CON=[N+]([O-])C1=CC=C(C=C1)C1=CC(=NN1C1=CC=C(C=C1)S(N)(=O)=O)C(F)(F)F'],0.25302499532699585,0.25698813796043396
['CCN1C2=C(C=C(C)C=C2)C(=O)N(C)C2=C1N=CC=C2'],0.2707059979438782,0.2695590555667877
['NC1=NC(O)=C2N=CN(COCCO)C2=N1'],0.2612749934196472,0.26411643624305725
['OCC1S[C@H](CC1O)N1C=C(Br)C(=O)NC1=O'],0.2877430021762848,0.29021647572517395
['OC(=O)C(=O)\\C=C(/O)C1=CC(O)=CC=C1'],0.23978500068187714,0.26503780484199524
['FC1=CC=C(CO[C@H]2C(=O)NC3=C(C=C(Cl)C=C3)[C@@]2(C#CC2CC2)C(F)(F)F)C=C1'],0.2869409918785095,0.29204243421554565
['[Cl-].CN(C)C1=CC=C(C=C1)C(C1=CC=C(C=C1)N(C)C)=C1C=CC(C=C1)=[N+](C)C'],0.29126501083374023,0.29046761989593506
['NCCN(CCN)C(=O)CC[C@H](N)C(=O)N[C@H](CCC1=CC=C(C=C1)C(F)(F)F)C(=O)NCC1OB(O)C2=CC=CC=C12'],0.25988200306892395,0.24262039363384247
['CN(C)C1=C(F)C(CCNC(=O)NC2=CC=C(Br)C=N2)=C(F)C=C1'],0.2631649971008301,0.2667039930820465
['NC(=O)CC(=O)C1=CC(=CC=C1)C(=O)C1=CC=CC=C1'],0.27424299716949463,0.2714405953884125
['COC(=O)CCCC=C(C1=CC(C(=O)OC)=C(OC)C(Br)=C1)C1=CC(Br)=C(OC)C(=C1)C(=O)OC'],0.2638449966907501,0.26733309030532837
['COC1=CC2=C(N=C(N=C2C=C1OCC1=CC=CC=C1)N1CCN(C)CC1)N1CCN(CC1)C(=O)OC(C)(C)C'],0.2463040053844452,0.24424487352371216
['CC1=CC=C(C=C1)C1=CC(=NN1C1=CC=C(C=C1)S(N)(=O)=O)C(F)(F)F'],0.24572700262069702,0.25133663415908813
['CCN(C1CCN(CC1)C(=O)C1=CC2=C(N1)C=CC(NC(=O)N1CCN(C)CC1)=C2)C1=C(NC(C)C)C=CC=N1'],0.25777000188827515,0.26077014207839966
['COC1=C(C)C(C)=C(C=C1)S(=O)(=O)NC1=CC(=CC=C1)C(O)=O'],0.258991003036499,0.2595159709453583
['CN1N=CC(SCC(=O)NC2=CC=C(C=C2Cl)C2=CC=C(CC(O)=O)C=C2)=C1C1=C(Cl)C=C(C)C=C1'],0.2684749960899353,0.27383166551589966
['COC(=O)C1=C(SC2=CC=CC=C2)C2=CC(Cl)=CC=C2N1'],0.24619799852371216,0.2443699836730957
['CCN1C2=NC(Cl)=CC=C2N(C)C(=O)C2=C1N=CC(CCC1=CC=CC=C1)=C2'],0.26429998874664307,0.2651480734348297
['CCN1C2=NC(Cl)=CC(C)=C2NC(=O)C2=C1N=CC(CSC1=CC(C)=NC(C)=C1)=C2'],0.2591780126094818,0.25227755308151245
['COC1=CC=C(F)C=C1C(C)(C)CC(O)(CC1=CC2=CC=C(F)C=C2N1)C(F)(F)F'],0.28257501125335693,0.27964481711387634
['CC1=C2C=CC(Cl)=NN2C(CCCCCO)=N1'],0.24014300107955933,0.23417779803276062
['NCCN(CCN)C(=O)C[N+]1=CN(CC(=O)N[C@H](CC2=CC=C(C=C2)C(F)(F)F)C(=O)NC2=CC=C3N=CC=CC3=C2)C=C1'],0.2639690041542053,0.2688354253768921
['NC(=O)C1=CC2=C(C=C1)N(C1CCCCC1)C(=N2)C1=NC=CC=C1'],0.2556140124797821,0.25563445687294006
['CN([C@H](CC1=CC=C(C=C1)C(F)(F)F)C(=O)NC1=CN=C2C=CC=CC2=C1)C(=O)[C@@H](N)CCC[N+](C)(CCN)CCN'],0.270330011844635,0.27129530906677246
['CCN1C2=NC(Cl)=CC(C)=C2NC(=O)C2=C1N=CC(CSC1=NC3=C(O1)C=CC=C3)=C2'],0.25859400629997253,0.25418975949287415
['COC(=O)C1=CC(=CC(Cl)=C1OC)C(=CCCCC(=O)N1CCCCC1)C1=CC(C(=O)OC)=C(OC)C(Cl)=C1'],0.2623699903488159,0.2595837414264679
['C1CN=C(N1)C1=CC=C2OC(=NC2=C1)C1=CC=C2C=CC=CC2=C1'],0.26523399353027344,0.2639678120613098
['CC1(C)S[C@@H]2C(N3C(=O)[C@H](NC3(C)C)C3=CC=CC=C3)C(=O)N2[C@H]1C(O)=O'],0.2836489975452423,0.2530336081981659
['NC1=NC(NCC2=CC=CC=C2)=C2N=CN(\\C=C3\\CC3(CO)CO)C2=N1'],0.2720850110054016,0.27091342210769653
['CN(C)C1=C2N=CN(CC3=CC=C(C)C=C3)C2=NC(=N1)C(F)(F)F'],0.27805501222610474,0.27337998151779175
['NC[C@H]1C[C@H](N(C1)C(=O)CN)C(=O)N[C@@H](CC1=CC=C(C=C1)C(F)(F)F)C(=O)NC1=CC=CC(=C1)C(F)(F)F'],0.2990739941596985,0.26794663071632385
['CC(C)(C)C1=CC(Cl)=C(C=C1)C1=CNN=C1OCC(=O)NC1=CC=C(C=C1Cl)C1=CC=C(CC(O)=O)C=C1'],0.2680160105228424,0.26114094257354736
['FC(F)(F)C1(OC(=O)NC2=CC=C(C=C12)C1=CC=CC=C1)C#CC1CC1'],0.2759079933166504,0.27533990144729614
['C[C@@H]1CN(C[C@H]2CN(CCN12)C1=CN=CC2=C1CCNC2)C1=CC=C(C#N)C2=NC=CC=C12'],0.251679003238678,0.2520855665206909
['COC1=C(C=C(CCC(C)C)C2=C1C=CC=C2)C1=NS(=O)(=O)C2=C(N1)C=CC(NS(C)(=O)=O)=C2'],0.24264100193977356,0.25459322333335876
['COC(=O)C1=NC2=CC=CC=C2N1S(=O)(=O)C1=CC=CC=C1[N+]([O-])=O'],0.24412000179290771,0.23893123865127563
['FC1=CC(NC(=O)N2CCN(CC2)C2=CC=C(NC3=CC=NC=C3)N=N2)=CC(F)=C1'],0.27640798687934875,0.2727884352207184
['CCC1=C(C)NC(=O)C(NCC2=C(SC)C=CC=C2)=C1'],0.2512969970703125,0.24760934710502625
['C[C@H](CC(=O)NC1=CC=C(C=C1)C1=CC=CC=C1)C1=CC=C(C=C1)N1C=CN=C1'],0.25888800621032715,0.2554696202278137
['CN1C2=C(C=CC(=C2)C(O)=O)C(C2CCCCC2)=C1C1=CC=CC=C1'],0.2466219961643219,0.251068115234375
['NCCN(CCN)C(=O)CC[C@H](N)C(=O)N[C@H](CCC1=CC=C(C=C1)C(F)(F)F)C(=O)NC1=CC=C2B(O)OCC2=C1'],0.25243398547172546,0.2515849173069
['CCC(C)(C)NC1=C(N=CC=C1)N(C)C1CCN(CC1)C(=O)C1=CC2=C(N1)C=CC(NS(C)(=O)=O)=C2'],0.25506100058555603,0.26003938913345337
['BrC1=CC=C2C=C(C=CC2=C1)C(=O)NC1=CC=C(C=C1)C1=NCCN1'],0.2305929958820343,0.23511846363544464
['O=C1NC2=C(CN3C=CC=N3)C=CN=C2N(C2CC2)C2=C1C=CC=N2'],0.2644140124320984,0.25727155804634094
['COC1=CC2=C(N=C(N=C2C=C1OCCCN1CCCC1)N(C)C)N1CCN(CC1)C(=O)C1CCCC1'],0.24150599539279938,0.2528722286224365
['CC(C)OC1=CC=C(CNC(=O)[C@@H](NC(=O)[C@@H](N)CC(=O)N(CCN)CCN)[C@H](O)C2=CC=C(C=C2)C(F)(F)F)C=C1'],0.2752879858016968,0.2795463800430298
['CC1=CC(N)=C2C=C(NC(=O)C3=CC=C(Br)C=C3)C=CC2=N1'],0.279231995344162,0.27347058057785034
['O=C1N2CCS[C@]2(C2=CC=CC=C12)C1=CC(=CC=C1)C#N'],0.27576500177383423,0.2717342972755432
['CN1C2=CC(=CC=C2C(C2CCCCC2)=C1C1=NC=C(C=C1)C(F)(F)F)C(=O)NC(C)(C)C(=O)NC1=CC=C(\\C=C\\C(O)=O)C=C1'],0.23362499475479126,0.2384934425354004
['COC(=O)C1=CC(=CC(Br)=C1OC)C(=CCCCC1=CC=CC=C1)C1=CC(C(=O)OC)=C(OC)C(Br)=C1'],0.26231399178504944,0.2692440152168274
['NS(=O)(=O)C1=CC=C(C=C1)N1N=C(C=C1C1=CC=C(CC(O)=O)C=C1)C(F)(F)F'],0.22974100708961487,0.241173654794693
['CC(C)O'],0.41762301325798035,0.4103330969810486
['CC(C)(C)NC(=O)C(N(C(=O)C1=CC=CO1)C1=CC=C(C=C1)C(C)(C)C)C1=CN=CC=N1'],0.27991899847984314,0.281464159488678
['NCCN(CCN)C(=O)CC[C@H](N)C(=O)N[C@H](CC1=CC=C(C=C1)C(F)(F)F)C(=O)NC1=CC(=C(C=C1)B(O)O)C(F)(F)F'],0.2728849947452545,0.2736016511917114
['CN(C)C1=C2N=CN(CC3=CC=C(C)C=C3)C2=NC(Cl)=N1'],0.2841489911079407,0.2834382653236389
['CCCC1=CC(O)=NC(SCC(=O)NC2=CC=C(Cl)C=C2)=N1'],0.27193599939346313,0.2676777243614197
['COC1=CC2=C(C=C1OC(C)C)[C@@H](N(C(=O)C2)C1=CC=C(C=C1)N(C)C[C@H]1CC[C@@H](CC1)NC(=O)C1=COC=N1)C1=CC=C(Cl)C=C1'],0.2645449936389923,0.2630869746208191
['NC(CC1=CC(Br)=C(O)C=C1)C(O)=O'],0.3029859960079193,0.30401912331581116
['CCC1=C(SC2=CC=CC=C2)N(COCCOCC2=CC=CC=C2)C(=O)NC1=O'],0.28060901165008545,0.28407034277915955
['ClC1=CC=C(NC(=S)NCCC2=C(C=CO2)C#N)N=C1'],0.26659199595451355,0.2589430809020996
['BrC1=CC=C(OCCCCCCN2CCN(C2=O)C2=CC=NC=C2)C=C1'],0.3007659912109375,0.3032047152519226
['CN1C(C)=C(S\\C1=N/S(=O)(=O)C1=CC(=CC=C1)[N+]([O-])=O)C=C'],0.2253050059080124,0.22603414952754974
['CCCCCC=C(C1=CC=C(OC)C(=C1)C(=O)OC)C1=CC=C(OC)C(=C1)C(=O)OC'],0.2542549967765808,0.2571532130241394
['OC(=O)C(CC1=CC=C(NC(=O)C2=C(Cl)C=NC=C2Cl)C=C1)NC1=NC=NC(OC2=CC=CC=C2)=C1'],0.2621159851551056,0.23617926239967346
['CC(C)=CCC\\C(C)=C\\CC\\C(C)=C\\CO'],0.3391309976577759,0.33987125754356384
['COC1=CC=C(C=C1)C#C[C@]1(O)CC[C@H]2[C@@H]3OCC4=CC(=O)CCC4=C3[C@H](C[C@]12C)C1=CC=C(N)C=C1'],0.2541370093822479,0.2602725028991699
['O=C(NC1=CC=C(C=C1)C1=NCCN1)C1=CC=C2C(C=CC=C2C#N)=C1'],0.24343299865722656,0.24214893579483032
['NC(=O)C1=C(N=CN1)C1=CC(=CC=C1)C1=CC=CC=C1'],0.27793198823928833,0.2750955820083618
['CCC#CC1(OC(=O)NC2=CC=C(N)C=C12)C(F)(F)F'],0.26978999376296997,0.2669883072376251
['CN(C)C1=C2N=CN(CC3=CC=C(C)C=C3)C2=NC(Cl)=N1'],0.2839530110359192,0.28328990936279297
['ClC1=CC=C2NC(=O)NC(C#CC3=CC=CC=N3)(C3CC3)C2=C1'],0.2617819905281067,0.2604628801345825
['CCC1=C(C)NC(=O)C(NCC2=CNC3=C2C=CC=C3)=C1'],0.2594189941883087,0.2513965368270874
['CC1=CC(O)=C(C=C1SC1=C(C)C=C(O)C(=C1)C(C)(C)C)C(C)(C)C'],0.2272379994392395,0.23586207628250122
['CC(=O)C1=CN(C2=C1C=C(Cl)C=C2)C1=CC=C(F)C=C1'],0.2722899913787842,0.26934295892715454
['CC(C)C#C[C@@]1(OC(=O)NC2=CC=CC(F)=C12)C(F)(F)F'],0.30204901099205017,0.2951726019382477
['CN1CCN(CC1)C(=O)CN1C2=CC(=CC=C2C(C2CCCCC2)=C1C1=CC=C(Cl)C=C1)C(O)=O'],0.24385300278663635,0.24791881442070007
['CC1=C(C=CC(=C1C)S(=O)(=O)NC1=CC(=CC=C1)C(O)=O)C(C)(C)C'],0.2485859990119934,0.24950766563415527
['COC1=CC=C(\\C=C\\C2=CC(OC)=CC(OC)=C2\\C=C\\C(=O)N2CCCC(C)C2)C=C1'],0.24295899271965027,0.245889350771904
['NCCN(CCN)C(=O)C[C@H](N)C(=O)N[C@H](CCC1=CC=CC=C1)C(=O)NCC1=CC(=C(F)C=C1)C(F)(F)F'],0.29649001359939575,0.26020029187202454
['CC(C)S(=O)(=O)NC(=O)C1=C(C2=C(C=CC(Cl)=C2)N1CC1=C(F)C=CC=C1)C1=CC=CNC1=O'],0.2351139932870865,0.24518802762031555
['COC(=O)C1=C(O)C(=O)C=C(O1)C(O)=O'],0.25794100761413574,0.27235084772109985
['CCN1C2=NC=C(CCC3=CC=NC=C3)C=C2C(=O)N(C)C2=C1N=C(F)C=C2'],0.2551810145378113,0.252590537071228
['CC1=C(N)N=C(N)N=C1OCCOCP(O)(O)=O'],0.3091680109500885,0.30711451172828674
['ClC1=CC=C2C(=O)N3CCSC3(C2=C1)C1=CC=CC=C1'],0.27650898694992065,0.27766188979148865
['CSC1=C(C(C)=C(S1)C1=NC(C)=CS1)C1=CC=NC(SCC(=O)NC2=CC=C(Cl)C=C2)=N1'],0.23009899258613586,0.2350183129310608
['[H]OC1=C([H])C([H])=C(\\C([H])=C(/[H])C2=C([H])C(O[H])=C([H])C(O[H])=C2[H])C([H])=C1[H]'],0.30135300755500793,0.2947867214679718
['COC1=C(C=CC=C1)C1=NC2=C(C(N(C2=O)C2=C(C)C=CC(Cl)=C2)C2=C(C)C=C(Cl)C=C2)N1C(C)C'],0.28803399205207825,0.28783509135246277
['NC(CC(=O)N[C@H](CC1=CC=C(C=C1)C(F)(F)F)C(=O)NC1=CC=C2N=CC=CC2=C1)C1CCCNC1'],0.2851580083370209,0.28701189160346985
['CCN1C2=C(C=C(Cl)C=C2)N(C)C(=O)C2=C1N=CC=C2'],0.26412299275398254,0.2675502300262451
['CC1=CC(=NC(=N1)N1CCCC1)N1CCN(CC1)C(=O)NC1=CC=C(C)C(Cl)=C1'],0.24340400099754333,0.24786680936813354
['CN(CCO)CC1=CC(Cl)=C(OCC2=C(C)C(=CC=C2)C2=CC=C3OCCOC3=C2)C=C1OCC1=CC(=NC=C1)C#N'],0.24281799793243408,0.24272185564041138
['CC1=CC(=NC(=N1)N1CCCC1)N1CCN(CC1)C(=O)NC1=CC=C(C)C(Cl)=C1'],0.24487100541591644,0.2482360452413559
['COC1=CC2=C(C=C1OC(C)C)[C@@H](N(C(=O)C2)C1=CC=C(C=C1)N(C)C[C@H]1CC[C@@H](CC1)N(C)C)C1=CC=C(Cl)C=C1'],0.2630220055580139,0.2582162618637085
['NCCN(CCN)C(=O)CC[C@H](N)C(=O)N[C@H](CCC1=CC=C(C=C1)C(F)(F)F)C(=O)NC1=C(F)C(F)=CC(=C1)B(O)O'],0.2694999873638153,0.27948543429374695
['CCC1=C(C)N=C(OC)C(CN2C(=O)C3=CC=CC=C3C2=O)=C1'],0.23225699365139008,0.2363881766796112
['NC(=O)C1=CC=[N+](CC2=C(N3C(SC2)C(NC(=O)C(C2=CC=CC=C2)S([O-])(=O)=O)C3=O)C([O-])=O)C=C1'],0.25385400652885437,0.2542622685432434
['COC1=C(C=C(C=C1)S(=O)(=O)NC1=CC=CC=C1C(O)=O)C(C)(C)C'],0.2765190005302429,0.27650102972984314
['CC(C)(NC(=O)[C@H](CCC1=CC=CC=C1)NC(=O)[C@@H](N)CC(=O)N(CCN)CCN)C1=CC(=C(F)C=C1)C(F)(F)F'],0.3006590008735657,0.28604230284690857
['CC1=CC2=C(C=C1)N=C(NS2(=O)=O)C1=C(O)C2=CC=CN=C2N(CC2=CC=CC=C2)C1=O'],0.23541200160980225,0.23074935376644135
['CC(C)C1=C2C(N(C(=O)C2=NN1CCC1=CC=CC=N1)C1=C(F)C(Cl)=CC=C1)C1=C(C)C=C(Cl)C=C1'],0.3002699911594391,0.3024487793445587
['CC(C)CCN1C(=O)C(=C(O)C2=CC=CN=C12)C1=NS(=O)(=O)C2=C(N1)C=CC(NS(=O)(=O)C1=CC=CC=C1)=C2'],0.243367999792099,0.24683670699596405
['CCC1=C(C)NC(=O)C(NCC2=NC3=C(O2)C(Cl)=CC=C3Cl)=C1'],0.22838400304317474,0.23321980237960815
['C1CCN(CC1)C1=C2N=C(C3=CC=CC=C3)C(=NC2=NC=N1)C1=CC=CC=C1'],0.23371799290180206,0.27509889006614685
['O=C1N2CCCSC2(C2=CC=CC=C12)C1=CC=CC=C1'],0.2861039936542511,0.2960221767425537
['BrC1=CC=C(NC(=S)NCCC2=CNC3=CC=CC=C23)N=C1'],0.2617889940738678,0.26010289788246155
['CCC1=C(C)NC(=O)C(NCC2=NC3=C(O2)C(C)=CC=C3)=C1'],0.2504029870033264,0.24774692952632904
['CCN1C2=NC=C(CCC3=CC4=C(C=CC=C4)C=C3)C=C2C(=O)N(C)C2=C1N=C(Cl)C=C2'],0.2601870000362396,0.26322102546691895
['NCCN(CCN)C(=O)C[C@H](N)C(=O)N[C@@H](CCC1=CC=CC=C1)C(=O)NC(=N)C1=CC(=CC(=C1)C(F)(F)F)C(F)(F)F'],0.2797209918498993,0.28465086221694946
['CC(C)OC(=O)C1=CC=CN1S(=O)(=O)C1=C(N)C=CC(Cl)=C1'],0.2720170021057129,0.27290913462638855
['CCOC1=C(Cl)C(CCNC(=S)NC2=CC=C(Br)C=N2)=C(F)C=C1'],0.2537510097026825,0.2576908469200134
['COC1=C(\\C=N\\NC(=O)C2=CC=C(C=C2)N(C)C)C2=CC=CC=C2C=C1'],0.22655600309371948,0.2352120727300644
['CC(C)NC1=C(N=CC=C1)N(C1CC1)C1CCN(CC1)C(=O)C1=CC2=C(N1)C=CC=C2'],0.25624001026153564,0.2522374987602234
['CN1C2=C3C=CC(=C2)C(=O)NS(=O)(=O)N(C)CCOCCN(C)C(=O)COC2=C(C=CC=C2)C1=C3C1CCCCC1'],0.24550800025463104,0.25645333528518677
['FC(F)(F)C1=CN2C(CSCC3=CC=CC=C3)=CN=C2C(Cl)=C1'],0.23308099806308746,0.2291281372308731
['CCN1C2=CC(C)=C(C)C=C2OC2=NC=C(N)C=C2C1=O'],0.2650339901447296,0.26184362173080444
['CCC1=C(C)NC(=O)C(NCCN2C(=O)C3=CC=CC=C3C2=O)=C1'],0.1809460073709488,0.18435195088386536
['C[C@H]1COC2=C3N1C=C(C(O)=O)C(=O)C3=CC(F)=C2N1CCN(C)CC1'],0.2531760036945343,0.2506507337093353
['CC[C@H](C)SC1=NC(CC2=CC=CC=C2)=CC(=O)N1'],0.2864989936351776,0.285317599773407
['CC1=CC(Cl)=C(C=C1)N1N=NN=C1SCC(=O)NC1=CC=CC=C1Cl'],0.2688310146331787,0.2665960192680359
['CCCC1=CN(C2=C1C=C(Cl)C=C2)C1=CC=C(F)C=C1'],0.2715739905834198,0.27363210916519165
['CCC(C)SC1=NC(CC2=C(F)C=CC=C2)=CC(=O)N1'],0.2871220111846924,0.2810065746307373
['ClC1=CC(OC(=O)C2=CC=CC3=C2NC=C3)=CN=C1'],0.25404998660087585,0.2508431673049927
['S=C(NCCC1=CC=CC=C1)NC1=NC2=C(S1)C=CC=C2'],0.2629390060901642,0.2593122720718384
['CN(C(=O)C1=CC(NC(=O)NC2=CC=C(Cl)C=C2)=CC=C1)C1=CC=CC=C1'],0.24664300680160522,0.25066542625427246
['ClC(Cl)C(C1=CC=C(Cl)C=C1)C1=CC=CC=C1Cl'],0.23848800361156464,0.22882524132728577
['NC(=O)C1=C(N=C(N)S1)C1=CC(=CC=C1)C(=O)C1=CC=CC=C1'],0.2526639997959137,0.23552921414375305
['COCC1=NNC2=CC=CC(OC3=CC(=CC(=C3)C#N)C#N)=C12'],0.2476709932088852,0.24699337780475616
['CCN1C2=NC(N\\C=C\\C)=CC=C2N(C)C(=O)C2=C1N=CC=C2'],0.24269700050354004,0.2465507537126541
['CCOC1=C2N=CN(\\C=C3\\CC3(CO)CO)C2=NC(N)=N1'],0.2735230028629303,0.27738434076309204
['CC(C)CCN1C=C(CC=C)C(O)=C(C1=O)C1=NS(=O)(=O)C2=C(N1)C=CC(NS(C)(=O)=O)=C2'],0.24922600388526917,0.24039173126220703
['CC(C)(\\N=C(/S)NC1=CC=C(NC(=O)C2=CSN=N2)C=C1)C1=CC(=CC(=C1)C(F)(F)F)C(F)(F)F'],0.2753460109233856,0.2803238332271576
['CC(C)SC1=NC(=CC(=O)N1)C(C)C1=C2C=CC=CC2=CC=C1'],0.26363199949264526,0.26138052344322205
['[H]OC1=C([H])C([H])=C(C([H])=C1[H])C([H])([H])C([H])([H])C([H])([H])C([H])([H])C([H])([H])C([H])([H])C([H])([H])C([H])([H])C([H])([H])[H]'],0.23800499737262726,0.23627105355262756
['COC(=O)CCCC=C(C1=CC(C(=O)OC)=C(OC)C(C)=C1)C1=CC(C)=C(OC)C(=C1)C(=O)OC'],0.2635419964790344,0.26595574617385864
['CCOC1=CC=C(F)C(C2CC2NC(=O)NC2=CC=C(Cl)C=N2)=C1F'],0.28574299812316895,0.2845114469528198
['CC1=NNC2=C(CO)C=CC(OC3=CC(=CC(=C3)C#N)C#N)=C12'],0.242794007062912,0.2420903891324997
['CCN1C2=NC=CC=C2C(=O)NC2=C1N=C(OC)C=C2COCC1=CC=CC=C1'],0.2570819854736328,0.24981723725795746
['COC1=CC=C(C2=CN3C=CC(=CC3=N2)N2CCN(CC2)C2CCCC2)C(O)=C1'],0.2402310073375702,0.24302777647972107
['C[C@@H](CC(=O)N1CCCN2N=C(C)C=C12)C(=O)NC1=CC=C(C=C1)C1=CC=CC=C1'],0.2725659906864166,0.25895801186561584
['CCC1=CC=C(CN2C=NC3=C(N=C(Cl)N=C23)N(C)C)C=C1'],0.28408798575401306,0.284479022026062
['NC1=NC2=C(N=CN2\\C=C2\\CC2(F)CO)C(=O)N1'],0.27069199085235596,0.24996399879455566
['CC1=C(\\C(O)=C\\C(=O)C(O)=O)C(C)=CO1'],0.2425370067358017,0.24387627840042114
['C[N+]1=CC=C(NC2=CC=C(NC(=O)C3=CC(Cl)=C(C=C3)C(=O)NC3=CC=C(NC4=CC=[N+](C)C=C4)C=C3)C=C2)C=C1'],0.27724599838256836,0.2760315537452698
['ClC1=CC=C(C=C1Cl)N=C=O'],0.34024301171302795,0.33623069524765015
['CCC1=NC(=NO1)C1=CC=C(OCCC(C)CCN2CCN(C2=O)C2=CC=NC=C2)C=C1'],0.2833609879016876,0.2879520058631897
['[H]OC1=C([H])C([H])=C(\\C([H])=C(/[H])C2=C([H])C(O[H])=C([H])C(O[H])=C2[H])C([H])=C1[H]'],0.293177992105484,0.2946155071258545
['COC1=CC=C(CNS(=O)(=O)NC2=CC3=C(NC(=NS3(=O)=O)C3=C(O)C4=CC=CN=C4N(CCC(C)C)C3=O)C=C2)C=C1'],0.2163279950618744,0.22595074772834778
['CCN1C2=NC=CC=C2C(=O)NC2=C1N=C(OC)C=C2COC1=CC=CC=C1'],0.25108399987220764,0.25250372290611267
['COC(=O)C1=CC(=CC(Cl)=C1OC)C(=CCCN=[N+]=[N-])C1=CC(Cl)=C(OC)C(=C1)C(=O)OC'],0.26336199045181274,0.26501160860061646
['ClC1=CC=CC=C1\\C=C\\C(=O)NC1=CC=C(C2=NCCN2)C(=C1)C1=NCCN1'],0.22800800204277039,0.22836823761463165
['NCCN(CCN)C(=O)C[C@H](N)C(=O)N[C@@H](CCC1=CC=CC=C1)C(=O)NC(=N)C1=CC(=CC(=C1)C(F)(F)F)C(F)(F)F'],0.2823239862918854,0.2896672487258911
['O=C1N2C3=CC=CC=C3SC2(C2=CC=CC=C12)C1=CC=CC=C1'],0.25439101457595825,0.25136736035346985
['CC(C)CSC1=NC(CC2=C(F)C=CC=C2F)=CC(=O)N1'],0.28670400381088257,0.2857871949672699
['CC(C)C1=C2C(N(C(=O)C2=NN1CC1CCCO1)C1=C(C)C=CC(Cl)=C1)C1=C(C)C=C(Cl)C=C1'],0.3013870120048523,0.3076646625995636
['COC(=O)CCCCCC1=CC(C)=C(OC)C(=C1)C(=O)OC'],0.29129499197006226,0.2878497242927551
['OC(=O)C1=C(CCC1)C(=O)NC1=CC=C(C=C1F)C1=CC=CC(OC(F)(F)F)=C1'],0.2284500002861023,0.23819416761398315
['ClC1=CC=C(C=C1)C1=CC=C(OCCCCCN2CCN(C2=O)C2=CC=NC=C2)C=C1'],0.2754260003566742,0.282552570104599
['CCC1=CC=C(CN2C=NC3=C(N=C(Cl)N=C23)N(C)C)C=C1'],0.2836199998855591,0.2850634753704071
['CC1=CC=CC=C1S(=O)(=O)C1=C(C#N)C(N)=CC=C1'],0.26130199432373047,0.25735118985176086
['COC1=C(C=CC=C1)N1N=C2C(=O)N(C(C2=C1C(C)C)C1=C(C)C=C(Cl)C=C1)C1=C(F)C=C(F)C(Cl)=C1'],0.2970679998397827,0.2955014407634735
['BrC1=CC(=CC=C1)N1C(=O)C2=CC=CC3=C2C(=CC=C3NC2CCN(CC3=CC=CC=C3)CC2)C1=O'],0.21822699904441833,0.23500236868858337
['OC1=CC=C(Cl)C=C1SC1=CC(Cl)=CC=C1O'],0.19831900298595428,0.21012446284294128
['CCOC1=CC=CC(CCNC(=S)NC2=NC=CS2)=C1'],0.26678401231765747,0.26762425899505615
['OC1=C(C(=O)N(CCC2CC2)C2=C(F)C=CC=C12)C1=NS(=O)(=O)C2=C(N1)C=CC=C2'],0.22901999950408936,0.23412539064884186
['ClC1=CC=C(C=C1)N1C(=CC(C=C2C(=O)NC(=S)NC2=O)=C1C1=CC=CC=C1)C1=CC=CC=C1'],0.21105599403381348,0.22065791487693787
['CCCC#CC1(OC(=O)NC2=CC=C(N)C=C12)C(F)(F)F'],0.26970699429512024,0.26853135228157043
['OC(=O)C(\\NC(=O)C1=CC=CC=C1)=C\\C1=CC=C(O1)C1=C(C=CC=C1)C(F)(F)F'],0.22692599892616272,0.23739658296108246
['COC1=CC(OC)=C(N\\C(S)=N\\C2=CC=C(NC(=O)C3=CC=CO3)C=C2C#N)C=C1Cl'],0.23966500163078308,0.2571985721588135
['CC(C)CCN1C(=O)C(C2=NS(=O)(=O)C3=C(N2)C=CC=C3)=C(O)C2=CC=CC=C12'],0.25493699312210083,0.25726670026779175
['CC1=C2C=CC(=CC2=CC=C1)C(=O)NC1=CC=C(C=C1)C1=NCCN1'],0.21563799679279327,0.21683472394943237
['S=C(NCC1=CC=CC=C1)NC1=NC=CS1'],0.2674199938774109,0.2645561099052429
['N#C\\C=C\\C1=CC=CC=C1'],0.26512598991394043,0.269584596157074
['CCC1=C(C)NC(=O)C(=C1)C(O)CN1C(=O)C2=CC=CC=C2C1=O'],0.21924099326133728,0.21663431823253632
['COC1=CC2=C(C=C1)N(CC1=CC=C(Cl)C=C1)C=C(C1=NC=C(CC3=CC=CC=C3)O1)C2=O'],0.2457430064678192,0.24386480450630188
['CC(C)(C)C1=CC=C2N(CC3=C(F)C=CC(=C3)[N+]([O-])=O)C(C(=O)NS(=O)(=O)C3CC3)=C(C2=C1)C1=CC=CNC1=O'],0.22443300485610962,0.22192734479904175
['FC1=CC=CC(F)=C1CC1=CC(=O)NC(SC2CCCC2)=N1'],0.28358298540115356,0.2836930751800537
['C[C@@H]1CN(C[C@H](CN2CC3(C2)OCC2=CC(=CC=C32)N2CC3(CN(C)C3)C2)O1)C1=CC=C(C#N)N2N=CC=C12'],0.24806399643421173,0.24936017394065857
['CCN1C2=NC=CC=C2N(C)C(=O)C2=C1N=CC(CCC1=CC=CC=C1C)=C2'],0.2555769979953766,0.2554107904434204
['CCN1C2=C(C=CC(=C2)[N+]([O-])=O)N(C)C(=O)C2=C1N=CC=C2'],0.2390490025281906,0.244595468044281
['CC(NC(=O)[C@H](CCC1=CC=CC=C1)NC(=O)[C@@H](N)CC(=O)N(CCN)CCN)C1=CC(=C(F)C=C1)C(F)(F)F'],0.27899599075317383,0.28299078345298767
['OC1=C(CC2=C(Cl)C(Cl)=CC(Cl)=C2O)C(Cl)=C(Cl)C=C1Cl'],0.2421019971370697,0.25121426582336426
['CC(C)CCN1N=C(C2=CC=CS2)C(O)=C(C1=O)C1=NS(=O)(=O)C2=C(N1)C=CC(NC(C)=O)=C2'],0.22636500000953674,0.23282237350940704
['CC1=CC(NC2=CN=CC=C2NS(=O)(=O)C(F)(F)F)=CC(C)=C1'],0.26564499735832214,0.2666408121585846
['CC(C)NC1=C(N=CC=C1)N(C)C1CCN(CC1)C(=O)C1=CC2=C(N1)C=C(CO)C=C2'],0.2592740058898926,0.2595113515853882
['NCCN(CCN)C(=O)CC[C@H](N)C(=O)N[C@H](CCC1=CC=C(C=C1)C(F)(F)F)C(=O)NC[C@H]1OB(O)C2=CC=CC=C12'],0.2553110122680664,0.2697071433067322
['NCCN(CCN)C(=O)CC[C@H](N)C(=O)N[C@H](CCC1=CC=C(C=C1)C(F)(F)F)C(=O)NC1=CC(F)=CC(=C1)B(O)O'],0.26934999227523804,0.27013522386550903
['FC1=CC=CC(F)=C1[C@H]1SCC2=NC3=CC=CC=C3N12'],0.28101301193237305,0.27412089705467224
['CC1=CC(N)=C2C=C(NC(=O)\\C=C\\C3=C4C=CC=CC4=CC=C3)C=CC2=N1'],0.22917799651622772,0.23361031711101532
['CCC1=C(C)NC(=O)C(\\C=C\\N2C(=O)C3=CC=CC=C3C2=O)=C1'],0.20454899966716766,0.200917586684227
['NC1=NC(O)=C2N=CN(CC(CO)\\C=C\\P(O)(O)=O)C2=N1'],0.27006301283836365,0.2714187502861023
['CCC1=C(C)NC(=O)C(NCC2=NC3=C(O2)C=CC=C3)=C1C'],0.2577970027923584,0.2543901801109314
['FC(F)(F)C1=C(C=CC(=C1)C(=O)NC1=CC=C(NC2=CC=NC=C2)C=C1)C(=O)NC1=CC=C(NC2=CC=NC=C2)C=C1'],0.24063800275325775,0.24231354892253876
['NC(=O)C1=C(N=C(N)S1)C1=CC(Cl)=CC=C1'],0.25789499282836914,0.2697610855102539
['FC(F)(F)C1=C(C=CC(=C1)C(=O)NC1=CC=C(NC2=CC=NC=C2)C=C1)C(=O)NC1=CC=C(NC2=CC=NC=C2)C=C1'],0.23888100683689117,0.24091526865959167
['CC(=O)NC1=CC=CC2=C1N=C(N2CC1=C(F)C=CC=C1F)C1=C(F)C=CC=C1F'],0.25355198979377747,0.25084856152534485
['CC1=CC(COC2=CC=C(C=C2)C2=CC=C(Cl)C=C2)=CC(CN2CCN(C2=O)C2=CC=NC=C2)=C1'],0.27620700001716614,0.2726883292198181
['CCCC#C[C@@]1(OC(=O)NC2=CC=C(C=C12)[N+]([O-])=O)C(F)(F)F'],0.2666639983654022,0.2618006467819214
['CN(C)C1=C2N=CN(CC3=CC=C(C)C=C3)C2=NC(=N1)C(F)(F)F'],0.27910399436950684,0.2756861448287964
['CCC1=C(C)NC(=O)C(NCC2=NC=CC=C2)=C1'],0.2353460043668747,0.2381342053413391
['CC(C)C1=C2C(N(C(=O)C2=NN1CC(=O)NC1CCN(CC1)C(C)=O)C1=C(C)C=CC(Cl)=C1)C1=C(C)C=C(Cl)C=C1'],0.29566699266433716,0.29819098114967346
['C=CCOCC1=C2NC(=O)C3=C(N=CC=C3)N(C3CC3)C2=NC=C1'],0.2653299868106842,0.26620155572891235
['CC(C)C#CC1(NC(=O)NC2=CC=C(F)C(F)=C12)C(F)(F)F'],0.2916620075702667,0.2910822033882141
['CCN1C2=C(C)C=C(C)C=C2OC2=NC=CC=C2C1=S'],0.24436500668525696,0.2622601389884949
['CC1=C(C)C=C(NCN2C(=O)C3=CC=CC=C3C2=O)C(=O)N1'],0.1898300051689148,0.18156632781028748
['NCC1(N)CN[C@@H](C1)C(=O)N[C@H](CC1=CC=C(C=C1)C(F)(F)F)C(=O)NC1=CC=C2N=CC=CC2=C1'],0.2894569933414459,0.2927573323249817
['CC1=CC(N)=C2C=C(NC(=O)C3=CC=C(Br)C=C3)C=CC2=N1'],0.27619999647140503,0.268009752035141
['CC1=CC=C(C=C1)S(=O)(=O)NC1=C(C=C(OC2CCCC2)C=C1)C(O)=O'],0.25400298833847046,0.2639366686344147
['COC1=C(CCNC(=O)NC2=CC=C(Cl)C=N2)C(F)=C(C=C1)C(C)=O'],0.27328601479530334,0.2740710973739624
['COC1=CC(=CC=C1)C1=NN2C(COC3=C4C=CC(OC)=CC4=NC=C3)=NN=C2N=C1'],0.2101150006055832,0.20350752770900726
['FC1=CC=C2NC(=O)NC(C#CC3CC3)(C2=C1)C(F)(F)F'],0.2892780005931854,0.2881135940551758
['COC1=C(\\C=N\\NC(=O)C2=CC=CC=C2)C2=CC=CC=C2C=C1'],0.2338930070400238,0.2361273467540741
['OC(=O)C(\\NC(=O)C1=CC=CC=C1)=C\\C1=CC(=CN=C1)C1=C(Cl)C=CC=C1'],0.2571679949760437,0.25204020738601685
['O=C1N2CCS[C@@]2(C2=CC=CS2)C2=CC=CC=C12'],0.2802160084247589,0.28124940395355225
['CCN1N=C(C(O)=O)C(=O)C2=CC3=C(OCO3)C=C12'],0.28590700030326843,0.2805427014827728
['CC1=CC(=C(C)C=C1)[C@@]12SCCN1C(=O)C1=CC=CC=C21'],0.2759149968624115,0.28100964426994324
['COC(=O)C1=CC(=CC(Br)=C1OC)C(=CCCCC(=O)OC(C)C)C1=CC(C(=O)OC)=C(OC)C(Br)=C1'],0.2620750069618225,0.2568601965904236
['CC1=C(CC2=C(Cl)C=CC=C2Cl)N=C(NC1=O)SC1CCCC1'],0.2790580093860626,0.28231415152549744
['COCCOC1=C2N=CN(\\C=C3\\CC3(CO)CO)C2=NC(N)=N1'],0.2839660048484802,0.282590389251709
['CN1N2C=CC=C2[C@@H]2N(C(=O)CN(CCN3CCCCC3)C2=O)C2=C1C=CC=C2'],0.2835719883441925,0.2770373821258545
['COC1=C(C=CC=C1)N1N=C2C(=O)N([C@@H](C2=C1C(C)C)C1=C(C)C=C(Cl)C=C1)C1=C(OCCN(C)C)C=CC(Cl)=C1'],0.2774229943752289,0.2914550304412842
['[O-][N+](=O)C1=CC=CC=C1C#C[C@@]1(NC(=O)NC2=CC=C(Cl)C=C12)C1CC1'],0.22107400000095367,0.2474808394908905
['FC1=CC=CC(CCNC(=S)NC2=NC=CS2)=C1'],0.2685459852218628,0.26275166869163513
['CCN1C2=C(C=CC(=C2)[N+]([O-])=O)N(C)C(=O)C2=C1N=CC(Br)=C2'],0.23688100278377533,0.2377328872680664
['CC[C@@H](C)OC1=CC2=C(CC(=O)N(C2C2=CC=C(Cl)C=C2)C2=CC=C(C=C2)C(=O)N(C)CC)C=C1OC'],0.28042200207710266,0.2775915861129761
['CCOC(=O)C1=CC=CN1S(=O)(=O)C1=C(N)C=CC(C)=C1'],0.26360800862312317,0.2591233253479004
['COC1=C(C=C(C=C1)C(=O)N1CCOCC1)C1=NC2=C(C(N(C2=O)C2=C(F)C(Cl)=CC=C2)C2=CC=C(Cl)C=C2)N1C(C)C'],0.2856909930706024,0.2844685912132263
['ClC12C(=O)C3(Cl)C4(Cl)C1(Cl)C1(Cl)C2(Cl)C3(Cl)C4(Cl)C1(Cl)Cl'],0.30978500843048096,0.30553874373435974
['O=C1NC2=C(COC3=CC=CC=C3)C=CN=C2N(C2CC2)C2=C1C=CC=N2'],0.25891900062561035,0.250214159488678
['CCCO[C@H]1C(=O)NC2=C(C=C(Cl)C=C2)[C@@]1(C#CC1CC1)C(F)(F)F'],0.2891319990158081,0.29302266240119934
['O=C(NC1=CC=C(C=C1)C1=NCCN1)C1=CC=C2C(C=CC=C2C#N)=C1'],0.24360600113868713,0.24194161593914032
['C[C@H](NC(=O)[C@]1(CC2=CC=CC=C2)CCN1S(=O)(=O)C1=CC=C2C=CC=CC2=C1)C(N)=O'],0.2834540009498596,0.28044748306274414
['NC1=C(C#N)C(C2=C(Br)C=CC=C2)C(C#N)=C(N)S1'],0.2709349989891052,0.2650744318962097
['CC(C)C#CC1(NC(=O)NC2=CC=C(F)C=C12)C(F)(F)F'],0.28957200050354004,0.28464674949645996
['CC(\\N=C(/S)NC1=CC=C(NC(=O)C2=NC=C3C=CC=CC3=C2)C=C1)C1=CC=C(F)C=C1'],0.23797300457954407,0.25081121921539307
['CCOC(=O)N(CC(O)=O)C(=O)C1=C(Br)C=CC2=C1C=CC(OC)=C2C(F)(F)F'],0.25077301263809204,0.24727441370487213
['CC1=C2NC(=O)C3=C(N=CC=C3)N(C3CC3)C2=NC=C1'],0.2640230059623718,0.2644897699356079
['CC1=CC(=CC(C)=C1)S(=O)(=O)C1=C(NC2=CC=C(Cl)C=C12)C(N)=O'],0.25947800278663635,0.26495301723480225
['COC1=CC2=C(N=C(NCC3=CC=C(F)C=C3)N=C2C=C1OCCCN1CCCC1)N1CCN(CC1)C1CCCC1'],0.22581100463867188,0.2474992573261261
['FC(F)(F)C1=CC=C2C(=O)N3CCSC3(C2=C1)C1=CC=CC=C1'],0.2677929997444153,0.27091270685195923
['CC(CNC(=S)NC1=NC=CS1)C1=CC=CC=C1'],0.2655720114707947,0.26790428161621094
['ClC1=CC=C(\\C=C2/SC(=S)N(CC3=CC=CC=C3)C2=O)C=C1'],0.21943199634552002,0.23720340430736542
['CCN1C2=C(C)C=C(C)C=C2OC2=NC=CC=C2C1=O'],0.27989599108695984,0.2747955024242401
['[2H]C1=CC=C2C(=CC=C(C#N)C2=N1)N1C[C@H]2N(CC3=NC(=CC=C23)N2C[C@H]3C[C@@H]2CN3)[C@H](C)C1'],0.2709119915962219,0.2635219097137451
['O=C(NC1=CC=C(C=C1)C1=NCCCN1)C1=CC=C(C=C1)C(=O)NC1=CC=C(C=C1)C1=NCCCN1'],0.23892000317573547,0.24365296959877014
['COC(=O)NCCC=C(C1=CC(C(=O)OC)=C(OC)C(Cl)=C1)C1=CC(Cl)=C(OC)C(=C1)C(=O)OC'],0.2675139904022217,0.2682352066040039
['CCN1CCN(CCCN2C=NC3=C(N=C(NCC4=CC=CC=C4)N=C23)N2CCN(CC)CC2)CC1'],0.2777029871940613,0.27972686290740967
['NCCN(CCN)C(=O)[C@@H](N)CCC(=O)N[C@@H](CCC1=CC=CC=C1)C(=O)NC1=CN=C2C=CC=CC2=C1'],0.2913709878921509,0.2899414598941803
['ClC1=CC=C2OC(=CC2=C1)C(=O)NC1=CC=C(C=C1)C1=NCCN1'],0.22910599410533905,0.22117900848388672
['COC1=CC(=CN2N=CN=C12)C1=CC2=C(C=C1C)C1=CC(=CC=C1N2)C1CCNCC1'],0.221002995967865,0.24464616179466248
['BrC1=CC=C(NC(=S)NCCC2=NC3=CC=CC=C3N2)N=C1'],0.24692000448703766,0.26169249415397644
['NCCN(CCN)C(=O)C[C@H](NC(=O)CNC(=O)[C@H](N)CC1=CC=C(C=C1)C(F)(F)F)C(=O)NC1=CN=C2C=CC=CC2=C1'],0.26082199811935425,0.25530484318733215
['CCC1=C(C)NC(=O)C(NCC2=NC3=C(O2)C=CC=C3OC)=C1'],0.25343799591064453,0.24503235518932343
['FC(F)(F)C1=CC=C(OCCCCCCN2CCN(C2=O)C2=CC=NC=C2)C=C1'],0.3066929876804352,0.2898736298084259
['CC[C@@H]1O[C@@](C#CC2CC2)(C2=CC(Cl)=CC=C2NC1=O)C(F)(F)F'],0.2915459871292114,0.2945270240306854
['CC1=CC2=C(C=C1C)N(CC(O)C(O)C(O)CO)C1=NC(=O)NC(=O)C1=N2'],0.21935799717903137,0.2139725387096405
['CS(=O)(=O)NCC1=CC2=C(NC(=CS2(=O)=O)C2=C(O)C3=CC(F)=CC=C3N(CC3=CC=C(F)C=C3)C2=O)C=C1'],0.2335740029811859,0.2373373806476593
['CCN1C2=NC=C(CCC3=CC=CC(=C3)N=[N+]=[N-])C=C2C(=O)N(C)C2=C1N=C(Cl)C=C2'],0.2621220052242279,0.26067662239074707
['CC(C)C1=CN(C)\\C(S1)=N\\S(=O)(=O)C1=CC(=CC=C1)[N+]([O-])=O'],0.23331700265407562,0.2225082665681839
['NC1=CC=CC(=C1C#N)S(=O)C1=CC=C(C=C1)C#N'],0.2556400001049042,0.25701403617858887
['COC1=CC=C(NC(=O)CSC2=NC(O)=CC(=N2)C2=CC=CC=C2)C=C1OC'],0.2130099982023239,0.21912558376789093
['OC1=CC=C(Cl)C=C1CC1=CC(Cl)=CC=C1O'],0.30466800928115845,0.3042203187942505
['CN(C)C(=S)SSC(=S)N(C)C'],0.25970199704170227,0.28546828031539917
['COC1=C(C2=C(C=C1)C(C(=O)N(CC(O)=O)C(=O)OCC(C)(C)C)=C(Br)C=C2)C(F)(F)F'],0.2483920007944107,0.25025349855422974
['ClC1=NN2C(CCCCCCC(=O)C3=CC=CC=C3)=NC=C2C=C1'],0.24650299549102783,0.24358420073986053
['COC1=CC(N\\C(S)=N\\C(C)C2=CC=C(F)C=C2)=CC=C1NC(=O)C1=CC=CC=C1F'],0.21632599830627441,0.2184446156024933
['CC1=CC(O)=C(C=C1SC1=C(C)C=C(O)C(=C1)C(C)(C)C)C(C)(C)C'],0.22714799642562866,0.22852347791194916
['CCCCCCOC1=CC=CC(CCNC(=S)NC2=NC=CS2)=C1'],0.28591400384902954,0.2835448086261749
['COCCN1N=C2C(=O)N(C(C2=C1C(C)C)C1=C(C)C=C(Cl)C=C1)C1=C(F)C(Cl)=CC=C1'],0.30248698592185974,0.30649566650390625
['CCC(=O)C1=CC=C(F)C([C@H]2C[C@H]2NC(=O)NC2=NC=C(Br)C=C2)=C1O'],0.2714320123195648,0.2688370943069458
['NCCN(CCN)C(=O)CC[C@H](N)C(=O)N[C@H](CCC1=CC(=CC=C1)C(F)(F)F)C(=O)NC1=CC=C2N=CC=CC2=C1'],0.2507280111312866,0.2662089467048645
['NCC(O)(CN)C(=O)N[C@H](CC1=CC=C(C=C1)C(F)(F)F)C(=O)NC1=CC=C2N=CC=CC2=C1'],0.2782849967479706,0.28040963411331177
['NCCN(CCN)C(=O)NC[C@H](N)C(=O)N[C@@H]([C@H](O)C1=CC=C(C=C1)C(F)(F)F)C(=O)NC1=CC=C2N=CC=CC2=C1'],0.2553809881210327,0.256039559841156
['CCC(C)SC1=NC(CC2=C(Cl)C=CC=C2)=C(C)C(=O)N1'],0.2827180027961731,0.2819865345954895
['COC(=O)C1=CC(=CC(Br)=C1OC)C(=CCCN=[N+]=[N-])C1=CC(Br)=C(OC)C(=C1)C(=O)OC'],0.2638449966907501,0.26764485239982605
['CCOC1=C(C=CC=C1)C1=NN2C(CN3CCCCCC3)=NN=C2S1'],0.25367099046707153,0.2502129375934601
['CC1=CC(Cl)=C(C=C1)C1=C(SCC(=O)NC2=CC=C(C=C2Cl)C2=CC=C(CC(O)=O)C=C2)C=CC=C1'],0.267767995595932,0.2745934724807739
['CCC1=C(C)NC(=O)C(CCCN2C(=O)C3=CC=CC=C3C2=O)=C1'],0.22594699263572693,0.22061099112033844
['CN1C=CC(=N1)C1=CC2=C(C=NN2CC2=CC=C3N=CC=CC3=C2)C=C1'],0.25648900866508484,0.26446858048439026
['O=C(NC1=CC(NC(=O)NC2=CC=CC(=C2)C2=NCCN2)=CC=C1)NC1=CC=CC(=C1)C1=NCCN1'],0.24739299714565277,0.2640780210494995
['CCN(CC)C1=CC=C2C(OC3=CC(=CC=C3C22N(CCNS(=O)(=O)C3=CC=C(C=C3)N3N=C(C=C3C3=CC=C(C)C=C3)C(F)(F)F)C(=O)C3=CC=CC=C23)N(CC)CC)=C1'],0.2406419962644577,0.24662041664123535
['NC1=CC=CC(=C1C#N)S(=O)(=O)C1=CC=C[C@@H]2C=CC=C[C@H]12'],0.24257099628448486,0.24695217609405518
['CC(C)C1=CC=CC(=C1)C1=CC=C(\\C=C\\C(=O)NC2=CC=C3N=C(C)C=C(N)C3=C2)C=C1'],0.21938499808311462,0.2194547951221466
['CC(C)CCN1C(=O)C(=C(O)C2=CC=C(C=C12)[N+]([O-])=O)C1=NS(=O)(=O)C2=C(N1)C=CC=C2'],0.22790899872779846,0.2388831079006195
['CC(C)=CCC\\C(C)=C\\C[C@@H]1C[C@@]2(CC=C(C)C)C(=O)\\C(=C(/O)C3=CC(O)=C(O)C=C3)C(=O)[C@](CC=C(C)C)(C2=O)C1(C)C'],0.2937360107898712,0.28895246982574463
['FC1=C(CCNC(=S)NC2=CC=C(Cl)C=N2)OC=C1'],0.2512829899787903,0.25551944971084595
['ClC1=CC=C(C=C1)C12SCCN1C(=O)C1=CC=CC=C21'],0.2799310088157654,0.2780979871749878
['O=C1NC(=O)C(=CC2=C(N(C(=C2)C2=CC=CC=C2)C2=CC=C(C=C2)C#N)C2=CC=CC=C2)C(=O)N1'],0.21986299753189087,0.22186243534088135
['CN1C(C)=C(C)S\\C1=N/S(=O)(=O)C1=CC(=CC=C1)[N+]([O-])=O'],0.22608700394630432,0.22581873834133148
['O=C1N2CCS[C@]2(C2=CC=CC=C12)C1=CC=NC=C1'],0.27980101108551025,0.28240159153938293
['CN(C[C@@H](O)C1=CC=CC=N1)CC1=CC2=C(O1)N(C)C=C(C(=O)NCC1=CC=C(Cl)C=C1)C2=O'],0.33468300104141235,0.32295769453048706
['NCCN(CCN)C(=O)CC[C@H](N)C(=O)N[C@@H]([C@H](O)C1=CC=C(C=C1)C(F)(F)F)C(=O)NCC1=CC=C(OC(F)(F)F)C=C1'],0.28326699137687683,0.2840712070465088
['N[C@@H](CCCNC1CCNCC1)C(=O)N[C@H](CC1=CC=C(C=C1)C(F)(F)F)C(=O)NC1=CC=CC(=C1)C(F)(F)F'],0.26361000537872314,0.26772117614746094
['NCCN(CCN)C(=O)C[C@H](N)C(=O)N1CCC[C@@H]1C(=O)N[C@H](CC1=CC=C(C=C1)C(F)(F)F)C(=O)NC1=CC=C2N=CC=CC2=C1'],0.2600649893283844,0.2673320472240448
['CC(C)N1C2=CC(C)=C(C)C=C2OC2=NC=C(N)C=C2C1=O'],0.26506999135017395,0.2638096809387207
['CCN(CC)C1=CC=C(CNC2=NC(N3CCN(CC3)C(=O)C3=CC=CC=C3)=C3N=CN(CCCN4CCN(CC)CC4)C3=N2)C=C1'],0.28474000096321106,0.2794162929058075
['CCN1CCN(CCCN2C=NC3=C(N=C(NCC4=CC=C(F)C=C4)N=C23)N2CCN(CC)CC2)CC1'],0.2768999934196472,0.2756326198577881
['OC(=O)[C@H](CC1=CC=C(OCC2=CC=CC=C2)C=C1)NC(=O)CC(C1=CC=CC=C1)C1=CC=CC=C1'],0.3002769947052002,0.27354875206947327
['COC1=CC=C(C=C1OC)C1=C(C)C2=CC(=CC=C2N1)C1CCN(CC2CCCCN2C)CC1'],0.25316500663757324,0.25546586513519287
['CCC1=C(C)NC(=O)C(NCC2=NC3=C(O2)C=CC=C3)=C1C'],0.2586210072040558,0.24702365696430206
['O=C(NC1=CC=C(C=C1)C1=NCCN1)C1=CC=C2C(C=CC=C2C2=CC=CC=C2)=C1'],0.22710399329662323,0.23585322499275208
['FC1=CC(C(=O)CCNC(=S)NC2=CC=C(Br)C=N2)=C(F)C=C1'],0.2312610000371933,0.23351924121379852
['CCOC1=CC2=C(C=C1OCC)C(N(C(=O)C2)C1=CC=C(C)C=C1OCCCN1CCOCC1)C1=CC=C(Cl)C=C1'],0.28294700384140015,0.2778264284133911
['CCN(C1CCN(CC1)C(=O)C1=CC2=C(N1)C=CC(NS(=O)(=O)N1CCN(C)CC1)=C2)C1=C(NC(C)C)C=CC=N1'],0.24902699887752533,0.2534033954143524
['CCC(C1=CC(=O)NC(SC(C)C)=N1)C1=CC=CC2=CC=CC=C12'],0.26684999465942383,0.2788558006286621
['CCN1C2=NC(=CC=C2N(C)C(=O)C2=C1N=CC=C2)N(C)C'],0.24846599996089935,0.2499704509973526
['NCCN(CCN)C(=O)CSC[C@H](N)C(=O)N[C@H](CC1=CC=C(C=C1)C(F)(F)F)C(=O)NC1=CC=C2N=CC=CC2=C1'],0.28974100947380066,0.29183492064476013
['CCOC1=CC(=CC=C1OC(C)C)C1=C(C)C2=CC(=CC=C2N1)C1CCN(CCNC)CC1'],0.23594500124454498,0.2704959511756897
['CN(C)C1=C2N=CN(CC3=CC=C(Cl)C=C3)C2=NC(Cl)=N1'],0.2822740077972412,0.28122660517692566
['CCC#CC1(NC(=O)NC2=CC=C(Cl)C=C12)C(F)(F)F'],0.28933098912239075,0.28693509101867676
['O=C(NC1=CC=C(C=C1)C1=NCCN1)C1=CC=C2C=C(C=CC2=C1)C1CC1'],0.23895099759101868,0.23298954963684082
['CCN1C2=NC=C(CCC3=CC4=C(C=CC=C4)C=C3)C=C2C(=O)N(C)C2=C1N=CC=C2'],0.2578189969062805,0.2648603320121765
['ClC1=CC=C(NC(=S)NCCN2C(=O)C3=CC=CC=C3C2=O)N=C1'],0.20764000713825226,0.21522390842437744
['CCN1CCN(CCCN2C=NC3=C(N=C(N)N=C23)N2CCN(CC2)C(=O)C2CCCC2)CC1'],0.2730860114097595,0.275784969329834
['NC1=NC(N)=C(C2CC2)C(OCCOCP(O)(O)=O)=N1'],0.2687549889087677,0.2658493220806122
['CC(C)NC(=O)N1CCC(O)(CN2N=C3C(=O)N(C(C3=C2C(C)C)C2=C(C)C=C(Cl)C=C2)C2=C(C)C=CC(Cl)=C2)CC1'],0.2969070076942444,0.29606565833091736
['CC[C@@H](C)OC1=CC2=C(CC(=O)N(C2C2=CC=C(Cl)C=C2)C2=CC=C(C=C2)C(C)N2CCC(CC2)N(C)C)C=C1OC'],0.27769801020622253,0.2769828736782074
['CCOC1=CC=C(NC(=O)[C@H](CCC2=CC=CC=C2)NC(=O)[C@@H](N)CC(=O)N(CCN)CCN)C=C1C'],0.2513059973716736,0.2656058073043823
['O=C1N(CNC2=CC=CNC2=O)C(=O)C2=CC=CC=C12'],0.19795799255371094,0.19103994965553284
['NC(=O)C1=C(N=C(N)S1)C1=CC(=CC=C1)C1=CC=CC=C1'],0.2542409896850586,0.2521032392978668
['O=C1OC2=C(C=CC=C2)C=C1'],0.2674340009689331,0.2657604217529297
['COC(=O)C1=CC(=CC(C)=C1OC)C(=CCCCC(=O)N(C)C)C1=CC(C(=O)OC)=C(OC)C(C)=C1'],0.2605319917201996,0.2631945312023163
['CN(C)CCN1C=C(C=N1)C1=CN=C2N=NN(CC3=CC=C4N=CC=CC4=C3)C2=N1'],0.26032599806785583,0.2543395161628723
['CN1C2=C(C=CC(=C2)C(=O)NC2(CCN(C)CC2)C(=O)NC2=CC3=C(SC(=C3)C(O)=O)C=C2)C(C2CCCCC2)=C1C1=NC=CC=C1'],0.22999800741672516,0.2524605989456177
['CCC1=CC=C(CN2C=NC3=C(N=C(Cl)N=C23)N(C)C)C=C1'],0.2843039929866791,0.2847680151462555
['CC[C@H]1OC(=O)[C@H](C)[C@H](O[C@H]2C[C@@](C)(OC)[C@@H](O)[C@H](C)O2)[C@H](C)[C@@H](O[C@@H]2O[C@H](C)C[C@@H]([C@H]2O)N(C)C)[C@](C)(O)C[C@@H](C)CN(C)[C@H](C)[C@H](O)[C@]1(C)O'],0.22428900003433228,0.22744320333003998
['CC(C)(C)OC(=O)NCC1=CC=C(NC(=O)\\C=C\\C2=CC=C(Cl)C=C2)C=C1'],0.23362399637699127,0.2276080995798111
['ClC1=C(OCC2=C3NC(=O)C4=C(N=CC=C4)N(C4CC4)C3=NC=C2)C=CC=C1'],0.26437801122665405,0.26193925738334656
['CCCCCN(CCCCC)C(=O)\\C=C\\C1=C(OC)C=C(OC)C=C1\\C=C\\C1=CC=C(OC)C=C1'],0.16836999356746674,0.18762142956256866
['CN(C[C@@H](O)C1=CC=CC=N1)CC1=CC2C(S1)N(C)C=C(C(=O)NCC1=CC=C(Cl)C=C1)C2=O'],0.2374510020017624,0.23565521836280823
['CCN1C2=NC=CC=C2N(C)C(=O)C2=C1N=CC(Cl)=C2'],0.25949200987815857,0.2619222402572632
['OC(=O)C1=CC2=C(C=C1)N(C1CCCCCC1)C(=N2)C1=CC=C(OCC2=CC=CC=C2)C=C1'],0.26708298921585083,0.2674577236175537
['CCOC1=C(C=C(C=C1)S(=O)(=O)NC1=CC(=CC=C1)C(O)=O)C(C)(C)C'],0.2607499957084656,0.2601570188999176
['C\\C(=C/CCC(=O)NC1=CC=C(C=C1Cl)C1=CC=C(OCC(O)=O)C=C1)C1=C(Cl)C=C(C)C=C1'],0.264616996049881,0.2666451632976532
['COC1=CC2=C(C=C1OC(C)C)[C@@H](N(C(=O)C2)C1=NC=C(C=C1)N(C)CC1CCC(CC1)N1CCNC(=O)C1)C1=CC=C(Cl)C=C1'],0.2643499970436096,0.27039235830307007
['CC(SC1=NC(O)=C(C#N)C(=N1)C1=CC=CC=C1)C(=O)NC1=CC=C(Cl)C=C1'],0.2441679984331131,0.24886849522590637
['CN(C)C1=C2CCN(CCCN3CCCC3)C2=NC(=N1)C1=CC=C(C=C1)N1CCN(C)CC1'],0.24714599549770355,0.24579915404319763
['CCNC(=O)\\C=C\\C1=C(OC)C=C(OC)C=C1\\C=C\\C1=CC=C(OC)C=C1'],0.2336840033531189,0.23997731506824493
['ClC1=CC=C(C=C1)C1=CC=C(OCCCCCN2CCN(C2=O)C2=CC=NC=C2)C=C1'],0.27309098839759827,0.2770689129829407
['OC(=O)C(\\NC(=O)C1=CC=CC=C1)=C\\C1=CC=C(O1)C1=CC=C(Cl)C=C1'],0.2228270024061203,0.22924062609672546
['CC(C)CO\\N=C\\COC1=CC=C(CN2CCC(CC2)NC(=O)C2=CC(=O)C3=CC=C(F)C=C3O2)C=C1F'],0.23761799931526184,0.2494082897901535
['ClC1=CC=C2C(=O)N3CCS[C@@]3(C2=C1)C1=CC=CC=C1'],0.2757030129432678,0.27669626474380493
['CCC1=C(C)NC(=O)C(NCC2=C(COC)C=CC=C2)=C1'],0.26106399297714233,0.25737518072128296
['COC(=O)C1=CC(=CC(Cl)=C1OC)C(=CC(=O)OC(C)(C)C)C1=CC(Cl)=C(OC)C(=C1)C(=O)OC'],0.2607479989528656,0.2639113962650299
['C[N+](C)(CC1CCNC1)CC1=CC(OCCC2=CNC=N2)=CC(OCC2=CC=C(Cl)C=C2Br)=C1'],0.2615090012550354,0.2629435658454895
['O=C1N2CCS[C@]2(C2=CC=CC=C12)C1=CC=CC=C1'],0.2790380120277405,0.28148534893989563
['ClC1=CC(OC(=O)C2=CC=CC3=C2C=CN3)=CN=C1'],0.2549059987068176,0.25728535652160645
['CN(C)C1=CC=C(\\C=C2/SC(=S)N(N)C2=O)C=C1'],0.20275799930095673,0.22518932819366455
['CC1=C(C=C)C=C(NCC2=NC3=C(O2)C(Cl)=CC=C3Cl)C(=O)N1'],0.23512500524520874,0.23704472184181213
['COC1=CC=C(C=C1OC)C1=C(C)C2=CC(=CC=C2N1)C1CCN(CC2=NC=CN2C)CC1'],0.25111299753189087,0.2572692036628723
['ClC1=CC=C(CN2C3=CC=CC=C3C(=O)N(CC3=CC=CC=C3)S2(=O)=O)C=C1Cl'],0.27776598930358887,0.2736581861972809
['CC(C)C[C@H](NC(=O)[C@@H](NC(=O)[C@@H](NC(C)=O)C(C)C)[C@@H](C)O)C(=O)N[C@@H](CCC(=O)N(C)C)C(=O)CN1NC(=O)C2=C(C=CC=C2[N+]([O-])=O)C1=O'],0.24261100590229034,0.2421571910381317
['CC1=CN=C(SCC(=O)NC2=CC=C(C=C2Cl)C2=CC=C(CC(O)=O)C=C2)N1C1=C(Cl)C=C(C)C=C1'],0.2600640058517456,0.259327232837677
['NCCN(CCN)C(=O)C[C@H](N)C(=O)N[C@@H]([C@H](O)C1=CC=C(C=C1)C(F)(F)F)C(=O)NCC1=CC=C(OC(F)F)C=C1'],0.28912800550460815,0.28906938433647156
['CC1=C2C=CC(=NN2C(CCCCCCC(=O)C2=CC=CC=C2)=N1)N1C=CC=C1'],0.23838700354099274,0.24069367349147797

